seedSet,roundsPerGame,strategy,ratedGames,observations,mae
1,5,CURRENT,0,400,0.464411
1,5,CURRENT,40,400,0.495586
1,5,CURRENT,80,400,0.488143
1,5,CURRENT,160,400,0.475846
1,5,CURRENT,300,400,0.453949
1,5,FLOOR_0_10,0,400,0.464411
1,5,FLOOR_0_10,40,400,0.495586
1,5,FLOOR_0_10,80,400,0.490177
1,5,FLOOR_0_10,160,400,0.471925
1,5,FLOOR_0_10,300,400,0.441587
1,10,CURRENT,0,400,0.464411
1,10,CURRENT,40,400,0.455427
1,10,CURRENT,80,400,0.441860
1,10,CURRENT,160,400,0.429100
1,10,CURRENT,300,400,0.408101
1,10,FLOOR_0_10,0,400,0.464411
1,10,FLOOR_0_10,40,400,0.455427
1,10,FLOOR_0_10,80,400,0.446418
1,10,FLOOR_0_10,160,400,0.423761
1,10,FLOOR_0_10,300,400,0.395422
1,20,CURRENT,0,400,0.464411
1,20,CURRENT,40,400,0.450434
1,20,CURRENT,80,400,0.436222
1,20,CURRENT,160,400,0.418289
1,20,CURRENT,300,400,0.391075
1,20,FLOOR_0_10,0,400,0.464411
1,20,FLOOR_0_10,40,400,0.450434
1,20,FLOOR_0_10,80,400,0.436965
1,20,FLOOR_0_10,160,400,0.410508
1,20,FLOOR_0_10,300,400,0.371041
1,50,CURRENT,0,400,0.464411
1,50,CURRENT,40,400,0.426998
1,50,CURRENT,80,400,0.414675
1,50,CURRENT,160,400,0.397655
1,50,CURRENT,300,400,0.374321
1,50,FLOOR_0_10,0,400,0.464411
1,50,FLOOR_0_10,40,400,0.426998
1,50,FLOOR_0_10,80,400,0.414137
1,50,FLOOR_0_10,160,400,0.390563
1,50,FLOOR_0_10,300,400,0.349467
2,5,CURRENT,0,400,0.494355
2,5,CURRENT,40,400,0.517178
2,5,CURRENT,80,400,0.493141
2,5,CURRENT,160,400,0.483156
2,5,CURRENT,300,400,0.465404
2,5,FLOOR_0_10,0,400,0.494355
2,5,FLOOR_0_10,40,400,0.517178
2,5,FLOOR_0_10,80,400,0.490219
2,5,FLOOR_0_10,160,400,0.480597
2,5,FLOOR_0_10,300,400,0.457352
2,10,CURRENT,0,400,0.494355
2,10,CURRENT,40,400,0.488827
2,10,CURRENT,80,400,0.476069
2,10,CURRENT,160,400,0.457838
2,10,CURRENT,300,400,0.432083
2,10,FLOOR_0_10,0,400,0.494355
2,10,FLOOR_0_10,40,400,0.488827
2,10,FLOOR_0_10,80,400,0.474952
2,10,FLOOR_0_10,160,400,0.442853
2,10,FLOOR_0_10,300,400,0.412677
2,20,CURRENT,0,400,0.494355
2,20,CURRENT,40,400,0.458360
2,20,CURRENT,80,400,0.445940
2,20,CURRENT,160,400,0.427684
2,20,CURRENT,300,400,0.403390
2,20,FLOOR_0_10,0,400,0.494355
2,20,FLOOR_0_10,40,400,0.458360
2,20,FLOOR_0_10,80,400,0.445659
2,20,FLOOR_0_10,160,400,0.418865
2,20,FLOOR_0_10,300,400,0.381234
2,50,CURRENT,0,400,0.494355
2,50,CURRENT,40,400,0.460636
2,50,CURRENT,80,400,0.447392
2,50,CURRENT,160,400,0.426809
2,50,CURRENT,300,400,0.407505
2,50,FLOOR_0_10,0,400,0.494355
2,50,FLOOR_0_10,40,400,0.460636
2,50,FLOOR_0_10,80,400,0.445964
2,50,FLOOR_0_10,160,400,0.420600
2,50,FLOOR_0_10,300,400,0.379302
3,5,CURRENT,0,400,0.460061
3,5,CURRENT,40,400,0.480988
3,5,CURRENT,80,400,0.466140
3,5,CURRENT,160,400,0.451702
3,5,CURRENT,300,400,0.431697
3,5,FLOOR_0_10,0,400,0.460061
3,5,FLOOR_0_10,40,400,0.480988
3,5,FLOOR_0_10,80,400,0.466439
3,5,FLOOR_0_10,160,400,0.454855
3,5,FLOOR_0_10,300,400,0.448401
3,10,CURRENT,0,400,0.460061
3,10,CURRENT,40,400,0.450569
3,10,CURRENT,80,400,0.438316
3,10,CURRENT,160,400,0.424717
3,10,CURRENT,300,400,0.400526
3,10,FLOOR_0_10,0,400,0.460061
3,10,FLOOR_0_10,40,400,0.450569
3,10,FLOOR_0_10,80,400,0.436987
3,10,FLOOR_0_10,160,400,0.414662
3,10,FLOOR_0_10,300,400,0.383382
3,20,CURRENT,0,400,0.460061
3,20,CURRENT,40,400,0.441399
3,20,CURRENT,80,400,0.420742
3,20,CURRENT,160,400,0.401676
3,20,CURRENT,300,400,0.379985
3,20,FLOOR_0_10,0,400,0.460061
3,20,FLOOR_0_10,40,400,0.441399
3,20,FLOOR_0_10,80,400,0.422066
3,20,FLOOR_0_10,160,400,0.402811
3,20,FLOOR_0_10,300,400,0.364255
3,50,CURRENT,0,400,0.460061
3,50,CURRENT,40,400,0.424617
3,50,CURRENT,80,400,0.407370
3,50,CURRENT,160,400,0.385504
3,50,CURRENT,300,400,0.363405
3,50,FLOOR_0_10,0,400,0.460061
3,50,FLOOR_0_10,40,400,0.424617
3,50,FLOOR_0_10,80,400,0.406137
3,50,FLOOR_0_10,160,400,0.374306
3,50,FLOOR_0_10,300,400,0.336212
4,5,CURRENT,0,400,0.483434
4,5,CURRENT,40,400,0.526738
4,5,CURRENT,80,400,0.516547
4,5,CURRENT,160,400,0.494649
4,5,CURRENT,300,400,0.478149
4,5,FLOOR_0_10,0,400,0.483434
4,5,FLOOR_0_10,40,400,0.526918
4,5,FLOOR_0_10,80,400,0.515902
4,5,FLOOR_0_10,160,400,0.485730
4,5,FLOOR_0_10,300,400,0.464315
4,10,CURRENT,0,400,0.483434
4,10,CURRENT,40,400,0.473552
4,10,CURRENT,80,400,0.462319
4,10,CURRENT,160,400,0.436659
4,10,CURRENT,300,400,0.412662
4,10,FLOOR_0_10,0,400,0.483434
4,10,FLOOR_0_10,40,400,0.473552
4,10,FLOOR_0_10,80,400,0.464353
4,10,FLOOR_0_10,160,400,0.435277
4,10,FLOOR_0_10,300,400,0.393388
4,20,CURRENT,0,400,0.483434
4,20,CURRENT,40,400,0.451264
4,20,CURRENT,80,400,0.440530
4,20,CURRENT,160,400,0.424229
4,20,CURRENT,300,400,0.394092
4,20,FLOOR_0_10,0,400,0.483434
4,20,FLOOR_0_10,40,400,0.451264
4,20,FLOOR_0_10,80,400,0.440157
4,20,FLOOR_0_10,160,400,0.425737
4,20,FLOOR_0_10,300,400,0.382512
4,50,CURRENT,0,400,0.483434
4,50,CURRENT,40,400,0.444676
4,50,CURRENT,80,400,0.426865
4,50,CURRENT,160,400,0.406350
4,50,CURRENT,300,400,0.381880
4,50,FLOOR_0_10,0,400,0.483434
4,50,FLOOR_0_10,40,400,0.444676
4,50,FLOOR_0_10,80,400,0.426805
4,50,FLOOR_0_10,160,400,0.397348
4,50,FLOOR_0_10,300,400,0.353854
5,5,CURRENT,0,400,0.481094
5,5,CURRENT,40,400,0.489246
5,5,CURRENT,80,400,0.483650
5,5,CURRENT,160,400,0.466604
5,5,CURRENT,300,400,0.434933
5,5,FLOOR_0_10,0,400,0.481094
5,5,FLOOR_0_10,40,400,0.489246
5,5,FLOOR_0_10,80,400,0.479790
5,5,FLOOR_0_10,160,400,0.473583
5,5,FLOOR_0_10,300,400,0.435792
5,10,CURRENT,0,400,0.481094
5,10,CURRENT,40,400,0.456297
5,10,CURRENT,80,400,0.441280
5,10,CURRENT,160,400,0.423818
5,10,CURRENT,300,400,0.408115
5,10,FLOOR_0_10,0,400,0.481094
5,10,FLOOR_0_10,40,400,0.456297
5,10,FLOOR_0_10,80,400,0.443907
5,10,FLOOR_0_10,160,400,0.425256
5,10,FLOOR_0_10,300,400,0.391814
5,20,CURRENT,0,400,0.481094
5,20,CURRENT,40,400,0.439914
5,20,CURRENT,80,400,0.428420
5,20,CURRENT,160,400,0.410296
5,20,CURRENT,300,400,0.383975
5,20,FLOOR_0_10,0,400,0.481094
5,20,FLOOR_0_10,40,400,0.439914
5,20,FLOOR_0_10,80,400,0.426642
5,20,FLOOR_0_10,160,400,0.402735
5,20,FLOOR_0_10,300,400,0.371868
5,50,CURRENT,0,400,0.481094
5,50,CURRENT,40,400,0.447353
5,50,CURRENT,80,400,0.431091
5,50,CURRENT,160,400,0.410147
5,50,CURRENT,300,400,0.386845
5,50,FLOOR_0_10,0,400,0.481094
5,50,FLOOR_0_10,40,400,0.447353
5,50,FLOOR_0_10,80,400,0.431247
5,50,FLOOR_0_10,160,400,0.404323
5,50,FLOOR_0_10,300,400,0.362427
