seedSet,roundsPerGame,peerCount,peerNoiseStdDev,ratedGames,appObservations,peerObservations,appMae,peerMae,peerMinusAppMae
1,5,1,0.40,0,400,400,0.464411,0.312093,-0.152318
1,5,1,0.40,5,400,400,0.486560,0.312093,-0.174467
1,5,1,0.40,10,400,400,0.484572,0.312093,-0.172479
1,5,1,0.40,20,400,400,0.498166,0.312093,-0.186073
1,5,1,0.40,50,400,400,0.495216,0.312093,-0.183123
1,5,1,0.40,100,400,400,0.488720,0.312093,-0.176627
1,5,1,0.40,300,400,400,0.441587,0.312093,-0.129494
1,5,1,0.80,0,400,400,0.464411,0.594413,0.130003
1,5,1,0.80,5,400,400,0.486560,0.594413,0.107853
1,5,1,0.80,10,400,400,0.484572,0.594413,0.109842
1,5,1,0.80,20,400,400,0.498166,0.594413,0.096248
1,5,1,0.80,50,400,400,0.495216,0.594413,0.099197
1,5,1,0.80,100,400,400,0.488720,0.594413,0.105693
1,5,1,0.80,300,400,400,0.441587,0.594413,0.152826
1,5,1,1.20,0,400,400,0.464411,0.835111,0.370700
1,5,1,1.20,5,400,400,0.486560,0.835111,0.348551
1,5,1,1.20,10,400,400,0.484572,0.835111,0.350539
1,5,1,1.20,20,400,400,0.498166,0.835111,0.336945
1,5,1,1.20,50,400,400,0.495216,0.835111,0.339894
1,5,1,1.20,100,400,400,0.488720,0.835111,0.346390
1,5,1,1.20,300,400,400,0.441587,0.835111,0.393524
1,5,3,0.40,0,400,400,0.464411,0.181954,-0.282457
1,5,3,0.40,5,400,400,0.486560,0.181954,-0.304606
1,5,3,0.40,10,400,400,0.484572,0.181954,-0.302618
1,5,3,0.40,20,400,400,0.498166,0.181954,-0.316212
1,5,3,0.40,50,400,400,0.495216,0.181954,-0.313262
1,5,3,0.40,100,400,400,0.488720,0.181954,-0.306766
1,5,3,0.40,300,400,400,0.441587,0.181954,-0.259633
1,5,3,0.80,0,400,400,0.464411,0.347720,-0.116690
1,5,3,0.80,5,400,400,0.486560,0.347720,-0.138840
1,5,3,0.80,10,400,400,0.484572,0.347720,-0.136851
1,5,3,0.80,20,400,400,0.498166,0.347720,-0.150445
1,5,3,0.80,50,400,400,0.495216,0.347720,-0.147496
1,5,3,0.80,100,400,400,0.488720,0.347720,-0.141000
1,5,3,0.80,300,400,400,0.441587,0.347720,-0.093867
1,5,3,1.20,0,400,400,0.464411,0.484949,0.020539
1,5,3,1.20,5,400,400,0.486560,0.484949,-0.001611
1,5,3,1.20,10,400,400,0.484572,0.484949,0.000378
1,5,3,1.20,20,400,400,0.498166,0.484949,-0.013216
1,5,3,1.20,50,400,400,0.495216,0.484949,-0.010267
1,5,3,1.20,100,400,400,0.488720,0.484949,-0.003771
1,5,3,1.20,300,400,400,0.441587,0.484949,0.043362
1,5,5,0.40,0,400,400,0.464411,0.153071,-0.311340
1,5,5,0.40,5,400,400,0.486560,0.153071,-0.333489
1,5,5,0.40,10,400,400,0.484572,0.153071,-0.331501
1,5,5,0.40,20,400,400,0.498166,0.153071,-0.345095
1,5,5,0.40,50,400,400,0.495216,0.153071,-0.342146
1,5,5,0.40,100,400,400,0.488720,0.153071,-0.335650
1,5,5,0.40,300,400,400,0.441587,0.153071,-0.288516
1,5,5,0.80,0,400,400,0.464411,0.291712,-0.172699
1,5,5,0.80,5,400,400,0.486560,0.291712,-0.194848
1,5,5,0.80,10,400,400,0.484572,0.291712,-0.192860
1,5,5,0.80,20,400,400,0.498166,0.291712,-0.206454
1,5,5,0.80,50,400,400,0.495216,0.291712,-0.203505
1,5,5,0.80,100,400,400,0.488720,0.291712,-0.197009
1,5,5,0.80,300,400,400,0.441587,0.291712,-0.149875
1,5,5,1.20,0,400,400,0.464411,0.407543,-0.056868
1,5,5,1.20,5,400,400,0.486560,0.407543,-0.079017
1,5,5,1.20,10,400,400,0.484572,0.407543,-0.077029
1,5,5,1.20,20,400,400,0.498166,0.407543,-0.090623
1,5,5,1.20,50,400,400,0.495216,0.407543,-0.087673
1,5,5,1.20,100,400,400,0.488720,0.407543,-0.081178
1,5,5,1.20,300,400,400,0.441587,0.407543,-0.034044
1,10,1,0.40,0,400,400,0.464411,0.312093,-0.152318
1,10,1,0.40,5,400,400,0.468860,0.312093,-0.156767
1,10,1,0.40,10,400,400,0.470729,0.312093,-0.158636
1,10,1,0.40,20,400,400,0.465390,0.312093,-0.153297
1,10,1,0.40,50,400,400,0.450485,0.312093,-0.138392
1,10,1,0.40,100,400,400,0.442233,0.312093,-0.130140
1,10,1,0.40,300,400,400,0.395422,0.312093,-0.083329
1,10,1,0.80,0,400,400,0.464411,0.594413,0.130003
1,10,1,0.80,5,400,400,0.468860,0.594413,0.125553
1,10,1,0.80,10,400,400,0.470729,0.594413,0.123684
1,10,1,0.80,20,400,400,0.465390,0.594413,0.129023
1,10,1,0.80,50,400,400,0.450485,0.594413,0.143928
1,10,1,0.80,100,400,400,0.442233,0.594413,0.152181
1,10,1,0.80,300,400,400,0.395422,0.594413,0.198991
1,10,1,1.20,0,400,400,0.464411,0.835111,0.370700
1,10,1,1.20,5,400,400,0.468860,0.835111,0.366250
1,10,1,1.20,10,400,400,0.470729,0.835111,0.364381
1,10,1,1.20,20,400,400,0.465390,0.835111,0.369721
1,10,1,1.20,50,400,400,0.450485,0.835111,0.384626
1,10,1,1.20,100,400,400,0.442233,0.835111,0.392878
1,10,1,1.20,300,400,400,0.395422,0.835111,0.439688
1,10,3,0.40,0,400,400,0.464411,0.181954,-0.282457
1,10,3,0.40,5,400,400,0.468860,0.181954,-0.286906
1,10,3,0.40,10,400,400,0.470729,0.181954,-0.288775
1,10,3,0.40,20,400,400,0.465390,0.181954,-0.283436
1,10,3,0.40,50,400,400,0.450485,0.181954,-0.268531
1,10,3,0.40,100,400,400,0.442233,0.181954,-0.260279
1,10,3,0.40,300,400,400,0.395422,0.181954,-0.213469
1,10,3,0.80,0,400,400,0.464411,0.347720,-0.116690
1,10,3,0.80,5,400,400,0.468860,0.347720,-0.121140
1,10,3,0.80,10,400,400,0.470729,0.347720,-0.123009
1,10,3,0.80,20,400,400,0.465390,0.347720,-0.117669
1,10,3,0.80,50,400,400,0.450485,0.347720,-0.102764
1,10,3,0.80,100,400,400,0.442233,0.347720,-0.094512
1,10,3,0.80,300,400,400,0.395422,0.347720,-0.047702
1,10,3,1.20,0,400,400,0.464411,0.484949,0.020539
1,10,3,1.20,5,400,400,0.468860,0.484949,0.016089
1,10,3,1.20,10,400,400,0.470729,0.484949,0.014220
1,10,3,1.20,20,400,400,0.465390,0.484949,0.019560
1,10,3,1.20,50,400,400,0.450485,0.484949,0.034465
1,10,3,1.20,100,400,400,0.442233,0.484949,0.042717
1,10,3,1.20,300,400,400,0.395422,0.484949,0.089527
1,10,5,0.40,0,400,400,0.464411,0.153071,-0.311340
1,10,5,0.40,5,400,400,0.468860,0.153071,-0.315790
1,10,5,0.40,10,400,400,0.470729,0.153071,-0.317659
1,10,5,0.40,20,400,400,0.465390,0.153071,-0.312319
1,10,5,0.40,50,400,400,0.450485,0.153071,-0.297414
1,10,5,0.40,100,400,400,0.442233,0.153071,-0.289162
1,10,5,0.40,300,400,400,0.395422,0.153071,-0.242352
1,10,5,0.80,0,400,400,0.464411,0.291712,-0.172699
1,10,5,0.80,5,400,400,0.468860,0.291712,-0.177149
1,10,5,0.80,10,400,400,0.470729,0.291712,-0.179018
1,10,5,0.80,20,400,400,0.465390,0.291712,-0.173678
1,10,5,0.80,50,400,400,0.450485,0.291712,-0.158773
1,10,5,0.80,100,400,400,0.442233,0.291712,-0.150521
1,10,5,0.80,300,400,400,0.395422,0.291712,-0.103711
1,10,5,1.20,0,400,400,0.464411,0.407543,-0.056868
1,10,5,1.20,5,400,400,0.468860,0.407543,-0.061317
1,10,5,1.20,10,400,400,0.470729,0.407543,-0.063186
1,10,5,1.20,20,400,400,0.465390,0.407543,-0.057847
1,10,5,1.20,50,400,400,0.450485,0.407543,-0.042942
1,10,5,1.20,100,400,400,0.442233,0.407543,-0.034690
1,10,5,1.20,300,400,400,0.395422,0.407543,0.012120
1,20,1,0.40,0,400,400,0.464411,0.312093,-0.152318
1,20,1,0.40,5,400,400,0.470743,0.312093,-0.158650
1,20,1,0.40,10,400,400,0.462470,0.312093,-0.150377
1,20,1,0.40,20,400,400,0.460302,0.312093,-0.148209
1,20,1,0.40,50,400,400,0.444986,0.312093,-0.132893
1,20,1,0.40,100,400,400,0.430029,0.312093,-0.117936
1,20,1,0.40,300,400,400,0.371041,0.312093,-0.058947
1,20,1,0.80,0,400,400,0.464411,0.594413,0.130003
1,20,1,0.80,5,400,400,0.470743,0.594413,0.123670
1,20,1,0.80,10,400,400,0.462470,0.594413,0.131944
1,20,1,0.80,20,400,400,0.460302,0.594413,0.134112
1,20,1,0.80,50,400,400,0.444986,0.594413,0.149427
1,20,1,0.80,100,400,400,0.430029,0.594413,0.164385
1,20,1,0.80,300,400,400,0.371041,0.594413,0.223373
1,20,1,1.20,0,400,400,0.464411,0.835111,0.370700
1,20,1,1.20,5,400,400,0.470743,0.835111,0.364367
1,20,1,1.20,10,400,400,0.462470,0.835111,0.372641
1,20,1,1.20,20,400,400,0.460302,0.835111,0.374809
1,20,1,1.20,50,400,400,0.444986,0.835111,0.390125
1,20,1,1.20,100,400,400,0.430029,0.835111,0.405082
1,20,1,1.20,300,400,400,0.371041,0.835111,0.464070
1,20,3,0.40,0,400,400,0.464411,0.181954,-0.282457
1,20,3,0.40,5,400,400,0.470743,0.181954,-0.288789
1,20,3,0.40,10,400,400,0.462470,0.181954,-0.280516
1,20,3,0.40,20,400,400,0.460302,0.181954,-0.278348
1,20,3,0.40,50,400,400,0.444986,0.181954,-0.263032
1,20,3,0.40,100,400,400,0.430029,0.181954,-0.248075
1,20,3,0.40,300,400,400,0.371041,0.181954,-0.189087
1,20,3,0.80,0,400,400,0.464411,0.347720,-0.116690
1,20,3,0.80,5,400,400,0.470743,0.347720,-0.123023
1,20,3,0.80,10,400,400,0.462470,0.347720,-0.114749
1,20,3,0.80,20,400,400,0.460302,0.347720,-0.112581
1,20,3,0.80,50,400,400,0.444986,0.347720,-0.097265
1,20,3,0.80,100,400,400,0.430029,0.347720,-0.082308
1,20,3,0.80,300,400,400,0.371041,0.347720,-0.023320
1,20,3,1.20,0,400,400,0.464411,0.484949,0.020539
1,20,3,1.20,5,400,400,0.470743,0.484949,0.014206
1,20,3,1.20,10,400,400,0.462470,0.484949,0.022480
1,20,3,1.20,20,400,400,0.460302,0.484949,0.024648
1,20,3,1.20,50,400,400,0.444986,0.484949,0.039964
1,20,3,1.20,100,400,400,0.430029,0.484949,0.054921
1,20,3,1.20,300,400,400,0.371041,0.484949,0.113909
1,20,5,0.40,0,400,400,0.464411,0.153071,-0.311340
1,20,5,0.40,5,400,400,0.470743,0.153071,-0.317673
1,20,5,0.40,10,400,400,0.462470,0.153071,-0.309399
1,20,5,0.40,20,400,400,0.460302,0.153071,-0.307231
1,20,5,0.40,50,400,400,0.444986,0.153071,-0.291915
1,20,5,0.40,100,400,400,0.430029,0.153071,-0.276958
1,20,5,0.40,300,400,400,0.371041,0.153071,-0.217970
1,20,5,0.80,0,400,400,0.464411,0.291712,-0.172699
1,20,5,0.80,5,400,400,0.470743,0.291712,-0.179032
1,20,5,0.80,10,400,400,0.462470,0.291712,-0.170758
1,20,5,0.80,20,400,400,0.460302,0.291712,-0.168590
1,20,5,0.80,50,400,400,0.444986,0.291712,-0.153274
1,20,5,0.80,100,400,400,0.430029,0.291712,-0.138317
1,20,5,0.80,300,400,400,0.371041,0.291712,-0.079329
1,20,5,1.20,0,400,400,0.464411,0.407543,-0.056868
1,20,5,1.20,5,400,400,0.470743,0.407543,-0.063201
1,20,5,1.20,10,400,400,0.462470,0.407543,-0.054927
1,20,5,1.20,20,400,400,0.460302,0.407543,-0.052759
1,20,5,1.20,50,400,400,0.444986,0.407543,-0.037443
1,20,5,1.20,100,400,400,0.430029,0.407543,-0.022486
1,20,5,1.20,300,400,400,0.371041,0.407543,0.036502
1,50,1,0.40,0,400,400,0.464411,0.312093,-0.152318
1,50,1,0.40,5,400,400,0.453653,0.312093,-0.141559
1,50,1,0.40,10,400,400,0.445502,0.312093,-0.133409
1,50,1,0.40,20,400,400,0.437453,0.312093,-0.125360
1,50,1,0.40,50,400,400,0.422544,0.312093,-0.110450
1,50,1,0.40,100,400,400,0.407119,0.312093,-0.095026
1,50,1,0.40,300,400,400,0.349467,0.312093,-0.037374
1,50,1,0.80,0,400,400,0.464411,0.594413,0.130003
1,50,1,0.80,5,400,400,0.453653,0.594413,0.140761
1,50,1,0.80,10,400,400,0.445502,0.594413,0.148911
1,50,1,0.80,20,400,400,0.437453,0.594413,0.156961
1,50,1,0.80,50,400,400,0.422544,0.594413,0.171870
1,50,1,0.80,100,400,400,0.407119,0.594413,0.187294
1,50,1,0.80,300,400,400,0.349467,0.594413,0.244947
1,50,1,1.20,0,400,400,0.464411,0.835111,0.370700
1,50,1,1.20,5,400,400,0.453653,0.835111,0.381458
1,50,1,1.20,10,400,400,0.445502,0.835111,0.389609
1,50,1,1.20,20,400,400,0.437453,0.835111,0.397658
1,50,1,1.20,50,400,400,0.422544,0.835111,0.412567
1,50,1,1.20,100,400,400,0.407119,0.835111,0.427991
1,50,1,1.20,300,400,400,0.349467,0.835111,0.485644
1,50,3,0.40,0,400,400,0.464411,0.181954,-0.282457
1,50,3,0.40,5,400,400,0.453653,0.181954,-0.271699
1,50,3,0.40,10,400,400,0.445502,0.181954,-0.263548
1,50,3,0.40,20,400,400,0.437453,0.181954,-0.255499
1,50,3,0.40,50,400,400,0.422544,0.181954,-0.240590
1,50,3,0.40,100,400,400,0.407119,0.181954,-0.225165
1,50,3,0.40,300,400,400,0.349467,0.181954,-0.167513
1,50,3,0.80,0,400,400,0.464411,0.347720,-0.116690
1,50,3,0.80,5,400,400,0.453653,0.347720,-0.105932
1,50,3,0.80,10,400,400,0.445502,0.347720,-0.097781
1,50,3,0.80,20,400,400,0.437453,0.347720,-0.089732
1,50,3,0.80,50,400,400,0.422544,0.347720,-0.074823
1,50,3,0.80,100,400,400,0.407119,0.347720,-0.059399
1,50,3,0.80,300,400,400,0.349467,0.347720,-0.001746
1,50,3,1.20,0,400,400,0.464411,0.484949,0.020539
1,50,3,1.20,5,400,400,0.453653,0.484949,0.031297
1,50,3,1.20,10,400,400,0.445502,0.484949,0.039448
1,50,3,1.20,20,400,400,0.437453,0.484949,0.047497
1,50,3,1.20,50,400,400,0.422544,0.484949,0.062406
1,50,3,1.20,100,400,400,0.407119,0.484949,0.077830
1,50,3,1.20,300,400,400,0.349467,0.484949,0.135483
1,50,5,0.40,0,400,400,0.464411,0.153071,-0.311340
1,50,5,0.40,5,400,400,0.453653,0.153071,-0.300582
1,50,5,0.40,10,400,400,0.445502,0.153071,-0.292431
1,50,5,0.40,20,400,400,0.437453,0.153071,-0.284382
1,50,5,0.40,50,400,400,0.422544,0.153071,-0.269473
1,50,5,0.40,100,400,400,0.407119,0.153071,-0.254049
1,50,5,0.40,300,400,400,0.349467,0.153071,-0.196396
1,50,5,0.80,0,400,400,0.464411,0.291712,-0.172699
1,50,5,0.80,5,400,400,0.453653,0.291712,-0.161941
1,50,5,0.80,10,400,400,0.445502,0.291712,-0.153790
1,50,5,0.80,20,400,400,0.437453,0.291712,-0.145741
1,50,5,0.80,50,400,400,0.422544,0.291712,-0.130832
1,50,5,0.80,100,400,400,0.407119,0.291712,-0.115408
1,50,5,0.80,300,400,400,0.349467,0.291712,-0.057755
1,50,5,1.20,0,400,400,0.464411,0.407543,-0.056868
1,50,5,1.20,5,400,400,0.453653,0.407543,-0.046110
1,50,5,1.20,10,400,400,0.445502,0.407543,-0.037959
1,50,5,1.20,20,400,400,0.437453,0.407543,-0.029910
1,50,5,1.20,50,400,400,0.422544,0.407543,-0.015001
1,50,5,1.20,100,400,400,0.407119,0.407543,0.000423
1,50,5,1.20,300,400,400,0.349467,0.407543,0.058076
2,5,1,0.40,0,400,400,0.494355,0.328485,-0.165870
2,5,1,0.40,5,400,400,0.526514,0.328485,-0.198028
2,5,1,0.40,10,400,400,0.521693,0.328485,-0.193207
2,5,1,0.40,20,400,400,0.524355,0.328485,-0.195870
2,5,1,0.40,50,400,400,0.511985,0.328485,-0.183500
2,5,1,0.40,100,400,400,0.486925,0.328485,-0.158440
2,5,1,0.40,300,400,400,0.457352,0.328485,-0.128866
2,5,1,0.80,0,400,400,0.494355,0.629439,0.135084
2,5,1,0.80,5,400,400,0.526514,0.629439,0.102925
2,5,1,0.80,10,400,400,0.521693,0.629439,0.107746
2,5,1,0.80,20,400,400,0.524355,0.629439,0.105084
2,5,1,0.80,50,400,400,0.511985,0.629439,0.117454
2,5,1,0.80,100,400,400,0.486925,0.629439,0.142514
2,5,1,0.80,300,400,400,0.457352,0.629439,0.172088
2,5,1,1.20,0,400,400,0.494355,0.876575,0.382220
2,5,1,1.20,5,400,400,0.526514,0.876575,0.350061
2,5,1,1.20,10,400,400,0.521693,0.876575,0.354882
2,5,1,1.20,20,400,400,0.524355,0.876575,0.352220
2,5,1,1.20,50,400,400,0.511985,0.876575,0.364590
2,5,1,1.20,100,400,400,0.486925,0.876575,0.389650
2,5,1,1.20,300,400,400,0.457352,0.876575,0.419223
2,5,3,0.40,0,400,400,0.494355,0.181310,-0.313046
2,5,3,0.40,5,400,400,0.526514,0.181310,-0.345204
2,5,3,0.40,10,400,400,0.521693,0.181310,-0.340383
2,5,3,0.40,20,400,400,0.524355,0.181310,-0.343045
2,5,3,0.40,50,400,400,0.511985,0.181310,-0.330676
2,5,3,0.40,100,400,400,0.486925,0.181310,-0.305616
2,5,3,0.40,300,400,400,0.457352,0.181310,-0.276042
2,5,3,0.80,0,400,400,0.494355,0.351497,-0.142858
2,5,3,0.80,5,400,400,0.526514,0.351497,-0.175017
2,5,3,0.80,10,400,400,0.521693,0.351497,-0.170196
2,5,3,0.80,20,400,400,0.524355,0.351497,-0.172858
2,5,3,0.80,50,400,400,0.511985,0.351497,-0.160488
2,5,3,0.80,100,400,400,0.486925,0.351497,-0.135428
2,5,3,0.80,300,400,400,0.457352,0.351497,-0.105854
2,5,3,1.20,0,400,400,0.494355,0.492431,-0.001924
2,5,3,1.20,5,400,400,0.526514,0.492431,-0.034083
2,5,3,1.20,10,400,400,0.521693,0.492431,-0.029262
2,5,3,1.20,20,400,400,0.524355,0.492431,-0.031924
2,5,3,1.20,50,400,400,0.511985,0.492431,-0.019554
2,5,3,1.20,100,400,400,0.486925,0.492431,0.005506
2,5,3,1.20,300,400,400,0.457352,0.492431,0.035080
2,5,5,0.40,0,400,400,0.494355,0.133917,-0.360439
2,5,5,0.40,5,400,400,0.526514,0.133917,-0.392597
2,5,5,0.40,10,400,400,0.521693,0.133917,-0.387776
2,5,5,0.40,20,400,400,0.524355,0.133917,-0.390438
2,5,5,0.40,50,400,400,0.511985,0.133917,-0.378069
2,5,5,0.40,100,400,400,0.486925,0.133917,-0.353009
2,5,5,0.40,300,400,400,0.457352,0.133917,-0.323435
2,5,5,0.80,0,400,400,0.494355,0.266239,-0.228117
2,5,5,0.80,5,400,400,0.526514,0.266239,-0.260275
2,5,5,0.80,10,400,400,0.521693,0.266239,-0.255454
2,5,5,0.80,20,400,400,0.524355,0.266239,-0.258116
2,5,5,0.80,50,400,400,0.511985,0.266239,-0.245747
2,5,5,0.80,100,400,400,0.486925,0.266239,-0.220687
2,5,5,0.80,300,400,400,0.457352,0.266239,-0.191113
2,5,5,1.20,0,400,400,0.494355,0.381585,-0.112770
2,5,5,1.20,5,400,400,0.526514,0.381585,-0.144929
2,5,5,1.20,10,400,400,0.521693,0.381585,-0.140108
2,5,5,1.20,20,400,400,0.524355,0.381585,-0.142770
2,5,5,1.20,50,400,400,0.511985,0.381585,-0.130400
2,5,5,1.20,100,400,400,0.486925,0.381585,-0.105340
2,5,5,1.20,300,400,400,0.457352,0.381585,-0.075766
2,10,1,0.40,0,400,400,0.494355,0.328485,-0.165870
2,10,1,0.40,5,400,400,0.495741,0.328485,-0.167256
2,10,1,0.40,10,400,400,0.495893,0.328485,-0.167408
2,10,1,0.40,20,400,400,0.499409,0.328485,-0.170923
2,10,1,0.40,50,400,400,0.484075,0.328485,-0.155589
2,10,1,0.40,100,400,400,0.464545,0.328485,-0.136060
2,10,1,0.40,300,400,400,0.412677,0.328485,-0.084192
2,10,1,0.80,0,400,400,0.494355,0.629439,0.135084
2,10,1,0.80,5,400,400,0.495741,0.629439,0.133698
2,10,1,0.80,10,400,400,0.495893,0.629439,0.133546
2,10,1,0.80,20,400,400,0.499409,0.629439,0.130031
2,10,1,0.80,50,400,400,0.484075,0.629439,0.145365
2,10,1,0.80,100,400,400,0.464545,0.629439,0.164894
2,10,1,0.80,300,400,400,0.412677,0.629439,0.216762
2,10,1,1.20,0,400,400,0.494355,0.876575,0.382220
2,10,1,1.20,5,400,400,0.495741,0.876575,0.380834
2,10,1,1.20,10,400,400,0.495893,0.876575,0.380682
2,10,1,1.20,20,400,400,0.499409,0.876575,0.377166
2,10,1,1.20,50,400,400,0.484075,0.876575,0.392500
2,10,1,1.20,100,400,400,0.464545,0.876575,0.412030
2,10,1,1.20,300,400,400,0.412677,0.876575,0.463898
2,10,3,0.40,0,400,400,0.494355,0.181310,-0.313046
2,10,3,0.40,5,400,400,0.495741,0.181310,-0.314431
2,10,3,0.40,10,400,400,0.495893,0.181310,-0.314583
2,10,3,0.40,20,400,400,0.499409,0.181310,-0.318099
2,10,3,0.40,50,400,400,0.484075,0.181310,-0.302765
2,10,3,0.40,100,400,400,0.464545,0.181310,-0.283236
2,10,3,0.40,300,400,400,0.412677,0.181310,-0.231367
2,10,3,0.80,0,400,400,0.494355,0.351497,-0.142858
2,10,3,0.80,5,400,400,0.495741,0.351497,-0.144244
2,10,3,0.80,10,400,400,0.495893,0.351497,-0.144396
2,10,3,0.80,20,400,400,0.499409,0.351497,-0.147911
2,10,3,0.80,50,400,400,0.484075,0.351497,-0.132577
2,10,3,0.80,100,400,400,0.464545,0.351497,-0.113048
2,10,3,0.80,300,400,400,0.412677,0.351497,-0.061180
2,10,3,1.20,0,400,400,0.494355,0.492431,-0.001924
2,10,3,1.20,5,400,400,0.495741,0.492431,-0.003310
2,10,3,1.20,10,400,400,0.495893,0.492431,-0.003462
2,10,3,1.20,20,400,400,0.499409,0.492431,-0.006977
2,10,3,1.20,50,400,400,0.484075,0.492431,0.008357
2,10,3,1.20,100,400,400,0.464545,0.492431,0.027886
2,10,3,1.20,300,400,400,0.412677,0.492431,0.079754
2,10,5,0.40,0,400,400,0.494355,0.133917,-0.360439
2,10,5,0.40,5,400,400,0.495741,0.133917,-0.361824
2,10,5,0.40,10,400,400,0.495893,0.133917,-0.361976
2,10,5,0.40,20,400,400,0.499409,0.133917,-0.365492
2,10,5,0.40,50,400,400,0.484075,0.133917,-0.350158
2,10,5,0.40,100,400,400,0.464545,0.133917,-0.330629
2,10,5,0.40,300,400,400,0.412677,0.133917,-0.278760
2,10,5,0.80,0,400,400,0.494355,0.266239,-0.228117
2,10,5,0.80,5,400,400,0.495741,0.266239,-0.229502
2,10,5,0.80,10,400,400,0.495893,0.266239,-0.229654
2,10,5,0.80,20,400,400,0.499409,0.266239,-0.233170
2,10,5,0.80,50,400,400,0.484075,0.266239,-0.217836
2,10,5,0.80,100,400,400,0.464545,0.266239,-0.198307
2,10,5,0.80,300,400,400,0.412677,0.266239,-0.146438
2,10,5,1.20,0,400,400,0.494355,0.381585,-0.112770
2,10,5,1.20,5,400,400,0.495741,0.381585,-0.114156
2,10,5,1.20,10,400,400,0.495893,0.381585,-0.114308
2,10,5,1.20,20,400,400,0.499409,0.381585,-0.117823
2,10,5,1.20,50,400,400,0.484075,0.381585,-0.102489
2,10,5,1.20,100,400,400,0.464545,0.381585,-0.082960
2,10,5,1.20,300,400,400,0.412677,0.381585,-0.031092
2,20,1,0.40,0,400,400,0.494355,0.328485,-0.165870
2,20,1,0.40,5,400,400,0.481792,0.328485,-0.153306
2,20,1,0.40,10,400,400,0.478728,0.328485,-0.150243
2,20,1,0.40,20,400,400,0.468618,0.328485,-0.140133
2,20,1,0.40,50,400,400,0.455648,0.328485,-0.127163
2,20,1,0.40,100,400,400,0.439976,0.328485,-0.111490
2,20,1,0.40,300,400,400,0.381234,0.328485,-0.052749
2,20,1,0.80,0,400,400,0.494355,0.629439,0.135084
2,20,1,0.80,5,400,400,0.481792,0.629439,0.147648
2,20,1,0.80,10,400,400,0.478728,0.629439,0.150711
2,20,1,0.80,20,400,400,0.468618,0.629439,0.160821
2,20,1,0.80,50,400,400,0.455648,0.629439,0.173791
2,20,1,0.80,100,400,400,0.439976,0.629439,0.189463
2,20,1,0.80,300,400,400,0.381234,0.629439,0.248205
2,20,1,1.20,0,400,400,0.494355,0.876575,0.382220
2,20,1,1.20,5,400,400,0.481792,0.876575,0.394783
2,20,1,1.20,10,400,400,0.478728,0.876575,0.397847
2,20,1,1.20,20,400,400,0.468618,0.876575,0.407957
2,20,1,1.20,50,400,400,0.455648,0.876575,0.420927
2,20,1,1.20,100,400,400,0.439976,0.876575,0.436599
2,20,1,1.20,300,400,400,0.381234,0.876575,0.495341
2,20,3,0.40,0,400,400,0.494355,0.181310,-0.313046
2,20,3,0.40,5,400,400,0.481792,0.181310,-0.300482
2,20,3,0.40,10,400,400,0.478728,0.181310,-0.297418
2,20,3,0.40,20,400,400,0.468618,0.181310,-0.287308
2,20,3,0.40,50,400,400,0.455648,0.181310,-0.274338
2,20,3,0.40,100,400,400,0.439976,0.181310,-0.258666
2,20,3,0.40,300,400,400,0.381234,0.181310,-0.199924
2,20,3,0.80,0,400,400,0.494355,0.351497,-0.142858
2,20,3,0.80,5,400,400,0.481792,0.351497,-0.130294
2,20,3,0.80,10,400,400,0.478728,0.351497,-0.127231
2,20,3,0.80,20,400,400,0.468618,0.351497,-0.117121
2,20,3,0.80,50,400,400,0.455648,0.351497,-0.104151
2,20,3,0.80,100,400,400,0.439976,0.351497,-0.088479
2,20,3,0.80,300,400,400,0.381234,0.351497,-0.029737
2,20,3,1.20,0,400,400,0.494355,0.492431,-0.001924
2,20,3,1.20,5,400,400,0.481792,0.492431,0.010640
2,20,3,1.20,10,400,400,0.478728,0.492431,0.013703
2,20,3,1.20,20,400,400,0.468618,0.492431,0.023813
2,20,3,1.20,50,400,400,0.455648,0.492431,0.036783
2,20,3,1.20,100,400,400,0.439976,0.492431,0.052455
2,20,3,1.20,300,400,400,0.381234,0.492431,0.111197
2,20,5,0.40,0,400,400,0.494355,0.133917,-0.360439
2,20,5,0.40,5,400,400,0.481792,0.133917,-0.347875
2,20,5,0.40,10,400,400,0.478728,0.133917,-0.344811
2,20,5,0.40,20,400,400,0.468618,0.133917,-0.334701
2,20,5,0.40,50,400,400,0.455648,0.133917,-0.321731
2,20,5,0.40,100,400,400,0.439976,0.133917,-0.306059
2,20,5,0.40,300,400,400,0.381234,0.133917,-0.247317
2,20,5,0.80,0,400,400,0.494355,0.266239,-0.228117
2,20,5,0.80,5,400,400,0.481792,0.266239,-0.215553
2,20,5,0.80,10,400,400,0.478728,0.266239,-0.212489
2,20,5,0.80,20,400,400,0.468618,0.266239,-0.202379
2,20,5,0.80,50,400,400,0.455648,0.266239,-0.189409
2,20,5,0.80,100,400,400,0.439976,0.266239,-0.173737
2,20,5,0.80,300,400,400,0.381234,0.266239,-0.114995
2,20,5,1.20,0,400,400,0.494355,0.381585,-0.112770
2,20,5,1.20,5,400,400,0.481792,0.381585,-0.100206
2,20,5,1.20,10,400,400,0.478728,0.381585,-0.097143
2,20,5,1.20,20,400,400,0.468618,0.381585,-0.087033
2,20,5,1.20,50,400,400,0.455648,0.381585,-0.074063
2,20,5,1.20,100,400,400,0.439976,0.381585,-0.058391
2,20,5,1.20,300,400,400,0.381234,0.381585,0.000351
2,50,1,0.40,0,400,400,0.494355,0.328485,-0.165870
2,50,1,0.40,5,400,400,0.486419,0.328485,-0.157933
2,50,1,0.40,10,400,400,0.480263,0.328485,-0.151778
2,50,1,0.40,20,400,400,0.474795,0.328485,-0.146310
2,50,1,0.40,50,400,400,0.457828,0.328485,-0.129342
2,50,1,0.40,100,400,400,0.438110,0.328485,-0.109625
2,50,1,0.40,300,400,400,0.379302,0.328485,-0.050816
2,50,1,0.80,0,400,400,0.494355,0.629439,0.135084
2,50,1,0.80,5,400,400,0.486419,0.629439,0.143020
2,50,1,0.80,10,400,400,0.480263,0.629439,0.149176
2,50,1,0.80,20,400,400,0.474795,0.629439,0.154644
2,50,1,0.80,50,400,400,0.457828,0.629439,0.171612
2,50,1,0.80,100,400,400,0.438110,0.629439,0.191329
2,50,1,0.80,300,400,400,0.379302,0.629439,0.250138
2,50,1,1.20,0,400,400,0.494355,0.876575,0.382220
2,50,1,1.20,5,400,400,0.486419,0.876575,0.390156
2,50,1,1.20,10,400,400,0.480263,0.876575,0.396312
2,50,1,1.20,20,400,400,0.474795,0.876575,0.401780
2,50,1,1.20,50,400,400,0.457828,0.876575,0.418747
2,50,1,1.20,100,400,400,0.438110,0.876575,0.438465
2,50,1,1.20,300,400,400,0.379302,0.876575,0.497273
2,50,3,0.40,0,400,400,0.494355,0.181310,-0.313046
2,50,3,0.40,5,400,400,0.486419,0.181310,-0.305109
2,50,3,0.40,10,400,400,0.480263,0.181310,-0.298954
2,50,3,0.40,20,400,400,0.474795,0.181310,-0.293486
2,50,3,0.40,50,400,400,0.457828,0.181310,-0.276518
2,50,3,0.40,100,400,400,0.438110,0.181310,-0.256800
2,50,3,0.40,300,400,400,0.379302,0.181310,-0.197992
2,50,3,0.80,0,400,400,0.494355,0.351497,-0.142858
2,50,3,0.80,5,400,400,0.486419,0.351497,-0.134922
2,50,3,0.80,10,400,400,0.480263,0.351497,-0.128766
2,50,3,0.80,20,400,400,0.474795,0.351497,-0.123298
2,50,3,0.80,50,400,400,0.457828,0.351497,-0.106330
2,50,3,0.80,100,400,400,0.438110,0.351497,-0.086613
2,50,3,0.80,300,400,400,0.379302,0.351497,-0.027804
2,50,3,1.20,0,400,400,0.494355,0.492431,-0.001924
2,50,3,1.20,5,400,400,0.486419,0.492431,0.006012
2,50,3,1.20,10,400,400,0.480263,0.492431,0.012168
2,50,3,1.20,20,400,400,0.474795,0.492431,0.017636
2,50,3,1.20,50,400,400,0.457828,0.492431,0.034604
2,50,3,1.20,100,400,400,0.438110,0.492431,0.054321
2,50,3,1.20,300,400,400,0.379302,0.492431,0.113130
2,50,5,0.40,0,400,400,0.494355,0.133917,-0.360439
2,50,5,0.40,5,400,400,0.486419,0.133917,-0.352502
2,50,5,0.40,10,400,400,0.480263,0.133917,-0.346347
2,50,5,0.40,20,400,400,0.474795,0.133917,-0.340879
2,50,5,0.40,50,400,400,0.457828,0.133917,-0.323911
2,50,5,0.40,100,400,400,0.438110,0.133917,-0.304193
2,50,5,0.40,300,400,400,0.379302,0.133917,-0.245385
2,50,5,0.80,0,400,400,0.494355,0.266239,-0.228117
2,50,5,0.80,5,400,400,0.486419,0.266239,-0.220180
2,50,5,0.80,10,400,400,0.480263,0.266239,-0.214025
2,50,5,0.80,20,400,400,0.474795,0.266239,-0.208557
2,50,5,0.80,50,400,400,0.457828,0.266239,-0.191589
2,50,5,0.80,100,400,400,0.438110,0.266239,-0.171871
2,50,5,0.80,300,400,400,0.379302,0.266239,-0.113063
2,50,5,1.20,0,400,400,0.494355,0.381585,-0.112770
2,50,5,1.20,5,400,400,0.486419,0.381585,-0.104834
2,50,5,1.20,10,400,400,0.480263,0.381585,-0.098678
2,50,5,1.20,20,400,400,0.474795,0.381585,-0.093210
2,50,5,1.20,50,400,400,0.457828,0.381585,-0.076242
2,50,5,1.20,100,400,400,0.438110,0.381585,-0.056525
2,50,5,1.20,300,400,400,0.379302,0.381585,0.002284
3,5,1,0.40,0,400,400,0.460061,0.298488,-0.161573
3,5,1,0.40,5,400,400,0.483918,0.298488,-0.185430
3,5,1,0.40,10,400,400,0.489073,0.298488,-0.190585
3,5,1,0.40,20,400,400,0.489051,0.298488,-0.190563
3,5,1,0.40,50,400,400,0.485456,0.298488,-0.186968
3,5,1,0.40,100,400,400,0.463361,0.298488,-0.164874
3,5,1,0.40,300,400,400,0.448401,0.298488,-0.149913
3,5,1,0.80,0,400,400,0.460061,0.573920,0.113858
3,5,1,0.80,5,400,400,0.483918,0.573920,0.090002
3,5,1,0.80,10,400,400,0.489073,0.573920,0.084846
3,5,1,0.80,20,400,400,0.489051,0.573920,0.084868
3,5,1,0.80,50,400,400,0.485456,0.573920,0.088464
3,5,1,0.80,100,400,400,0.463361,0.573920,0.110558
3,5,1,0.80,300,400,400,0.448401,0.573920,0.125519
3,5,1,1.20,0,400,400,0.460061,0.819976,0.359915
3,5,1,1.20,5,400,400,0.483918,0.819976,0.336058
3,5,1,1.20,10,400,400,0.489073,0.819976,0.330902
3,5,1,1.20,20,400,400,0.489051,0.819976,0.330924
3,5,1,1.20,50,400,400,0.485456,0.819976,0.334520
3,5,1,1.20,100,400,400,0.463361,0.819976,0.356614
3,5,1,1.20,300,400,400,0.448401,0.819976,0.371575
3,5,3,0.40,0,400,400,0.460061,0.178744,-0.281318
3,5,3,0.40,5,400,400,0.483918,0.178744,-0.305174
3,5,3,0.40,10,400,400,0.489073,0.178744,-0.310330
3,5,3,0.40,20,400,400,0.489051,0.178744,-0.310308
3,5,3,0.40,50,400,400,0.485456,0.178744,-0.306712
3,5,3,0.40,100,400,400,0.463361,0.178744,-0.284618
3,5,3,0.40,300,400,400,0.448401,0.178744,-0.269657
3,5,3,0.80,0,400,400,0.460061,0.339332,-0.120729
3,5,3,0.80,5,400,400,0.483918,0.339332,-0.144585
3,5,3,0.80,10,400,400,0.489073,0.339332,-0.149741
3,5,3,0.80,20,400,400,0.489051,0.339332,-0.149719
3,5,3,0.80,50,400,400,0.485456,0.339332,-0.146123
3,5,3,0.80,100,400,400,0.463361,0.339332,-0.124029
3,5,3,0.80,300,400,400,0.448401,0.339332,-0.109068
3,5,3,1.20,0,400,400,0.460061,0.471745,0.011684
3,5,3,1.20,5,400,400,0.483918,0.471745,-0.012173
3,5,3,1.20,10,400,400,0.489073,0.471745,-0.017328
3,5,3,1.20,20,400,400,0.489051,0.471745,-0.017306
3,5,3,1.20,50,400,400,0.485456,0.471745,-0.013711
3,5,3,1.20,100,400,400,0.463361,0.471745,0.008383
3,5,3,1.20,300,400,400,0.448401,0.471745,0.023344
3,5,5,0.40,0,400,400,0.460061,0.140412,-0.319649
3,5,5,0.40,5,400,400,0.483918,0.140412,-0.343506
3,5,5,0.40,10,400,400,0.489073,0.140412,-0.348661
3,5,5,0.40,20,400,400,0.489051,0.140412,-0.348639
3,5,5,0.40,50,400,400,0.485456,0.140412,-0.345044
3,5,5,0.40,100,400,400,0.463361,0.140412,-0.322950
3,5,5,0.40,300,400,400,0.448401,0.140412,-0.307989
3,5,5,0.80,0,400,400,0.460061,0.267753,-0.192308
3,5,5,0.80,5,400,400,0.483918,0.267753,-0.216164
3,5,5,0.80,10,400,400,0.489073,0.267753,-0.221320
3,5,5,0.80,20,400,400,0.489051,0.267753,-0.221298
3,5,5,0.80,50,400,400,0.485456,0.267753,-0.217702
3,5,5,0.80,100,400,400,0.463361,0.267753,-0.195608
3,5,5,0.80,300,400,400,0.448401,0.267753,-0.180647
3,5,5,1.20,0,400,400,0.460061,0.375136,-0.084925
3,5,5,1.20,5,400,400,0.483918,0.375136,-0.108782
3,5,5,1.20,10,400,400,0.489073,0.375136,-0.113937
3,5,5,1.20,20,400,400,0.489051,0.375136,-0.113915
3,5,5,1.20,50,400,400,0.485456,0.375136,-0.110320
3,5,5,1.20,100,400,400,0.463361,0.375136,-0.088226
3,5,5,1.20,300,400,400,0.448401,0.375136,-0.073265
3,10,1,0.40,0,400,400,0.460061,0.298488,-0.161573
3,10,1,0.40,5,400,400,0.462380,0.298488,-0.163892
3,10,1,0.40,10,400,400,0.460936,0.298488,-0.162448
3,10,1,0.40,20,400,400,0.454173,0.298488,-0.155685
3,10,1,0.40,50,400,400,0.450723,0.298488,-0.152235
3,10,1,0.40,100,400,400,0.429455,0.298488,-0.130967
3,10,1,0.40,300,400,400,0.383382,0.298488,-0.084894
3,10,1,0.80,0,400,400,0.460061,0.573920,0.113858
3,10,1,0.80,5,400,400,0.462380,0.573920,0.111540
3,10,1,0.80,10,400,400,0.460936,0.573920,0.112984
3,10,1,0.80,20,400,400,0.454173,0.573920,0.119747
3,10,1,0.80,50,400,400,0.450723,0.573920,0.123196
3,10,1,0.80,100,400,400,0.429455,0.573920,0.144464
3,10,1,0.80,300,400,400,0.383382,0.573920,0.190538
3,10,1,1.20,0,400,400,0.460061,0.819976,0.359915
3,10,1,1.20,5,400,400,0.462380,0.819976,0.357596
3,10,1,1.20,10,400,400,0.460936,0.819976,0.359040
3,10,1,1.20,20,400,400,0.454173,0.819976,0.365803
3,10,1,1.20,50,400,400,0.450723,0.819976,0.369253
3,10,1,1.20,100,400,400,0.429455,0.819976,0.390521
3,10,1,1.20,300,400,400,0.383382,0.819976,0.436594
3,10,3,0.40,0,400,400,0.460061,0.178744,-0.281318
3,10,3,0.40,5,400,400,0.462380,0.178744,-0.283636
3,10,3,0.40,10,400,400,0.460936,0.178744,-0.282192
3,10,3,0.40,20,400,400,0.454173,0.178744,-0.275429
3,10,3,0.40,50,400,400,0.450723,0.178744,-0.271980
3,10,3,0.40,100,400,400,0.429455,0.178744,-0.250712
3,10,3,0.40,300,400,400,0.383382,0.178744,-0.204638
3,10,3,0.80,0,400,400,0.460061,0.339332,-0.120729
3,10,3,0.80,5,400,400,0.462380,0.339332,-0.123048
3,10,3,0.80,10,400,400,0.460936,0.339332,-0.121603
3,10,3,0.80,20,400,400,0.454173,0.339332,-0.114840
3,10,3,0.80,50,400,400,0.450723,0.339332,-0.111391
3,10,3,0.80,100,400,400,0.429455,0.339332,-0.090123
3,10,3,0.80,300,400,400,0.383382,0.339332,-0.044049
3,10,3,1.20,0,400,400,0.460061,0.471745,0.011684
3,10,3,1.20,5,400,400,0.462380,0.471745,0.009365
3,10,3,1.20,10,400,400,0.460936,0.471745,0.010809
3,10,3,1.20,20,400,400,0.454173,0.471745,0.017572
3,10,3,1.20,50,400,400,0.450723,0.471745,0.021022
3,10,3,1.20,100,400,400,0.429455,0.471745,0.042290
3,10,3,1.20,300,400,400,0.383382,0.471745,0.088363
3,10,5,0.40,0,400,400,0.460061,0.140412,-0.319649
3,10,5,0.40,5,400,400,0.462380,0.140412,-0.321968
3,10,5,0.40,10,400,400,0.460936,0.140412,-0.320524
3,10,5,0.40,20,400,400,0.454173,0.140412,-0.313761
3,10,5,0.40,50,400,400,0.450723,0.140412,-0.310311
3,10,5,0.40,100,400,400,0.429455,0.140412,-0.289043
3,10,5,0.40,300,400,400,0.383382,0.140412,-0.242970
3,10,5,0.80,0,400,400,0.460061,0.267753,-0.192308
3,10,5,0.80,5,400,400,0.462380,0.267753,-0.194627
3,10,5,0.80,10,400,400,0.460936,0.267753,-0.193182
3,10,5,0.80,20,400,400,0.454173,0.267753,-0.186419
3,10,5,0.80,50,400,400,0.450723,0.267753,-0.182970
3,10,5,0.80,100,400,400,0.429455,0.267753,-0.161702
3,10,5,0.80,300,400,400,0.383382,0.267753,-0.115628
3,10,5,1.20,0,400,400,0.460061,0.375136,-0.084925
3,10,5,1.20,5,400,400,0.462380,0.375136,-0.087244
3,10,5,1.20,10,400,400,0.460936,0.375136,-0.085800
3,10,5,1.20,20,400,400,0.454173,0.375136,-0.079037
3,10,5,1.20,50,400,400,0.450723,0.375136,-0.075587
3,10,5,1.20,100,400,400,0.429455,0.375136,-0.054319
3,10,5,1.20,300,400,400,0.383382,0.375136,-0.008246
3,20,1,0.40,0,400,400,0.460061,0.298488,-0.161573
3,20,1,0.40,5,400,400,0.458188,0.298488,-0.159700
3,20,1,0.40,10,400,400,0.458696,0.298488,-0.160209
3,20,1,0.40,20,400,400,0.452114,0.298488,-0.153626
3,20,1,0.40,50,400,400,0.434361,0.298488,-0.135873
3,20,1,0.40,100,400,400,0.416490,0.298488,-0.118002
3,20,1,0.40,300,400,400,0.364255,0.298488,-0.065767
3,20,1,0.80,0,400,400,0.460061,0.573920,0.113858
3,20,1,0.80,5,400,400,0.458188,0.573920,0.115732
3,20,1,0.80,10,400,400,0.458696,0.573920,0.115223
3,20,1,0.80,20,400,400,0.452114,0.573920,0.121806
3,20,1,0.80,50,400,400,0.434361,0.573920,0.139558
3,20,1,0.80,100,400,400,0.416490,0.573920,0.157430
3,20,1,0.80,300,400,400,0.364255,0.573920,0.209665
3,20,1,1.20,0,400,400,0.460061,0.819976,0.359915
3,20,1,1.20,5,400,400,0.458188,0.819976,0.361788
3,20,1,1.20,10,400,400,0.458696,0.819976,0.361279
3,20,1,1.20,20,400,400,0.452114,0.819976,0.367862
3,20,1,1.20,50,400,400,0.434361,0.819976,0.385614
3,20,1,1.20,100,400,400,0.416490,0.819976,0.403486
3,20,1,1.20,300,400,400,0.364255,0.819976,0.455721
3,20,3,0.40,0,400,400,0.460061,0.178744,-0.281318
3,20,3,0.40,5,400,400,0.458188,0.178744,-0.279444
3,20,3,0.40,10,400,400,0.458696,0.178744,-0.279953
3,20,3,0.40,20,400,400,0.452114,0.178744,-0.273370
3,20,3,0.40,50,400,400,0.434361,0.178744,-0.255618
3,20,3,0.40,100,400,400,0.416490,0.178744,-0.237746
3,20,3,0.40,300,400,400,0.364255,0.178744,-0.185511
3,20,3,0.80,0,400,400,0.460061,0.339332,-0.120729
3,20,3,0.80,5,400,400,0.458188,0.339332,-0.118855
3,20,3,0.80,10,400,400,0.458696,0.339332,-0.119364
3,20,3,0.80,20,400,400,0.452114,0.339332,-0.112782
3,20,3,0.80,50,400,400,0.434361,0.339332,-0.095029
3,20,3,0.80,100,400,400,0.416490,0.339332,-0.077157
3,20,3,0.80,300,400,400,0.364255,0.339332,-0.024923
3,20,3,1.20,0,400,400,0.460061,0.471745,0.011684
3,20,3,1.20,5,400,400,0.458188,0.471745,0.013557
3,20,3,1.20,10,400,400,0.458696,0.471745,0.013048
3,20,3,1.20,20,400,400,0.452114,0.471745,0.019631
3,20,3,1.20,50,400,400,0.434361,0.471745,0.037384
3,20,3,1.20,100,400,400,0.416490,0.471745,0.055255
3,20,3,1.20,300,400,400,0.364255,0.471745,0.107490
3,20,5,0.40,0,400,400,0.460061,0.140412,-0.319649
3,20,5,0.40,5,400,400,0.458188,0.140412,-0.317776
3,20,5,0.40,10,400,400,0.458696,0.140412,-0.318284
3,20,5,0.40,20,400,400,0.452114,0.140412,-0.311702
3,20,5,0.40,50,400,400,0.434361,0.140412,-0.293949
3,20,5,0.40,100,400,400,0.416490,0.140412,-0.276078
3,20,5,0.40,300,400,400,0.364255,0.140412,-0.223843
3,20,5,0.80,0,400,400,0.460061,0.267753,-0.192308
3,20,5,0.80,5,400,400,0.458188,0.267753,-0.190435
3,20,5,0.80,10,400,400,0.458696,0.267753,-0.190943
3,20,5,0.80,20,400,400,0.452114,0.267753,-0.184361
3,20,5,0.80,50,400,400,0.434361,0.267753,-0.166608
3,20,5,0.80,100,400,400,0.416490,0.267753,-0.148736
3,20,5,0.80,300,400,400,0.364255,0.267753,-0.096502
3,20,5,1.20,0,400,400,0.460061,0.375136,-0.084925
3,20,5,1.20,5,400,400,0.458188,0.375136,-0.083052
3,20,5,1.20,10,400,400,0.458696,0.375136,-0.083561
3,20,5,1.20,20,400,400,0.452114,0.375136,-0.076978
3,20,5,1.20,50,400,400,0.434361,0.375136,-0.059226
3,20,5,1.20,100,400,400,0.416490,0.375136,-0.041354
3,20,5,1.20,300,400,400,0.364255,0.375136,0.010881
3,50,1,0.40,0,400,400,0.460061,0.298488,-0.161573
3,50,1,0.40,5,400,400,0.450228,0.298488,-0.151740
3,50,1,0.40,10,400,400,0.444723,0.298488,-0.146235
3,50,1,0.40,20,400,400,0.436693,0.298488,-0.138205
3,50,1,0.40,50,400,400,0.418503,0.298488,-0.120015
3,50,1,0.40,100,400,400,0.396711,0.298488,-0.098223
3,50,1,0.40,300,400,400,0.336212,0.298488,-0.037724
3,50,1,0.80,0,400,400,0.460061,0.573920,0.113858
3,50,1,0.80,5,400,400,0.450228,0.573920,0.123692
3,50,1,0.80,10,400,400,0.444723,0.573920,0.129196
3,50,1,0.80,20,400,400,0.436693,0.573920,0.137227
3,50,1,0.80,50,400,400,0.418503,0.573920,0.155417
3,50,1,0.80,100,400,400,0.396711,0.573920,0.177208
3,50,1,0.80,300,400,400,0.336212,0.573920,0.237708
3,50,1,1.20,0,400,400,0.460061,0.819976,0.359915
3,50,1,1.20,5,400,400,0.450228,0.819976,0.369748
3,50,1,1.20,10,400,400,0.444723,0.819976,0.375252
3,50,1,1.20,20,400,400,0.436693,0.819976,0.383283
3,50,1,1.20,50,400,400,0.418503,0.819976,0.401473
3,50,1,1.20,100,400,400,0.396711,0.819976,0.423264
3,50,1,1.20,300,400,400,0.336212,0.819976,0.483764
3,50,3,0.40,0,400,400,0.460061,0.178744,-0.281318
3,50,3,0.40,5,400,400,0.450228,0.178744,-0.271484
3,50,3,0.40,10,400,400,0.444723,0.178744,-0.265980
3,50,3,0.40,20,400,400,0.436693,0.178744,-0.257949
3,50,3,0.40,50,400,400,0.418503,0.178744,-0.239759
3,50,3,0.40,100,400,400,0.396711,0.178744,-0.217968
3,50,3,0.40,300,400,400,0.336212,0.178744,-0.157468
3,50,3,0.80,0,400,400,0.460061,0.339332,-0.120729
3,50,3,0.80,5,400,400,0.450228,0.339332,-0.110895
3,50,3,0.80,10,400,400,0.444723,0.339332,-0.105391
3,50,3,0.80,20,400,400,0.436693,0.339332,-0.097360
3,50,3,0.80,50,400,400,0.418503,0.339332,-0.079170
3,50,3,0.80,100,400,400,0.396711,0.339332,-0.057379
3,50,3,0.80,300,400,400,0.336212,0.339332,0.003121
3,50,3,1.20,0,400,400,0.460061,0.471745,0.011684
3,50,3,1.20,5,400,400,0.450228,0.471745,0.021517
3,50,3,1.20,10,400,400,0.444723,0.471745,0.027022
3,50,3,1.20,20,400,400,0.436693,0.471745,0.035052
3,50,3,1.20,50,400,400,0.418503,0.471745,0.053242
3,50,3,1.20,100,400,400,0.396711,0.471745,0.075034
3,50,3,1.20,300,400,400,0.336212,0.471745,0.135533
3,50,5,0.40,0,400,400,0.460061,0.140412,-0.319649
3,50,5,0.40,5,400,400,0.450228,0.140412,-0.309816
3,50,5,0.40,10,400,400,0.444723,0.140412,-0.304311
3,50,5,0.40,20,400,400,0.436693,0.140412,-0.296281
3,50,5,0.40,50,400,400,0.418503,0.140412,-0.278091
3,50,5,0.40,100,400,400,0.396711,0.140412,-0.256299
3,50,5,0.40,300,400,400,0.336212,0.140412,-0.195800
3,50,5,0.80,0,400,400,0.460061,0.267753,-0.192308
3,50,5,0.80,5,400,400,0.450228,0.267753,-0.182474
3,50,5,0.80,10,400,400,0.444723,0.267753,-0.176970
3,50,5,0.80,20,400,400,0.436693,0.267753,-0.168939
3,50,5,0.80,50,400,400,0.418503,0.267753,-0.150750
3,50,5,0.80,100,400,400,0.396711,0.267753,-0.128958
3,50,5,0.80,300,400,400,0.336212,0.267753,-0.068458
3,50,5,1.20,0,400,400,0.460061,0.375136,-0.084925
3,50,5,1.20,5,400,400,0.450228,0.375136,-0.075092
3,50,5,1.20,10,400,400,0.444723,0.375136,-0.069588
3,50,5,1.20,20,400,400,0.436693,0.375136,-0.061557
3,50,5,1.20,50,400,400,0.418503,0.375136,-0.043367
3,50,5,1.20,100,400,400,0.396711,0.375136,-0.021575
3,50,5,1.20,300,400,400,0.336212,0.375136,0.038924
4,5,1,0.40,0,400,400,0.483434,0.322859,-0.160575
4,5,1,0.40,5,400,400,0.512583,0.322859,-0.189724
4,5,1,0.40,10,400,400,0.519795,0.322859,-0.196936
4,5,1,0.40,20,400,400,0.524270,0.322859,-0.201411
4,5,1,0.40,50,400,400,0.525971,0.322859,-0.203111
4,5,1,0.40,100,400,400,0.509217,0.322859,-0.186358
4,5,1,0.40,300,400,400,0.464315,0.322859,-0.141455
4,5,1,0.80,0,400,400,0.483434,0.623226,0.139792
4,5,1,0.80,5,400,400,0.512583,0.623226,0.110643
4,5,1,0.80,10,400,400,0.519795,0.623226,0.103431
4,5,1,0.80,20,400,400,0.524270,0.623226,0.098956
4,5,1,0.80,50,400,400,0.525971,0.623226,0.097255
4,5,1,0.80,100,400,400,0.509217,0.623226,0.114009
4,5,1,0.80,300,400,400,0.464315,0.623226,0.158911
4,5,1,1.20,0,400,400,0.483434,0.879643,0.396208
4,5,1,1.20,5,400,400,0.512583,0.879643,0.367059
4,5,1,1.20,10,400,400,0.519795,0.879643,0.359847
4,5,1,1.20,20,400,400,0.524270,0.879643,0.355372
4,5,1,1.20,50,400,400,0.525971,0.879643,0.353672
4,5,1,1.20,100,400,400,0.509217,0.879643,0.370426
4,5,1,1.20,300,400,400,0.464315,0.879643,0.415328
4,5,3,0.40,0,400,400,0.483434,0.181721,-0.301713
4,5,3,0.40,5,400,400,0.512583,0.181721,-0.330862
4,5,3,0.40,10,400,400,0.519795,0.181721,-0.338074
4,5,3,0.40,20,400,400,0.524270,0.181721,-0.342549
4,5,3,0.40,50,400,400,0.525971,0.181721,-0.344250
4,5,3,0.40,100,400,400,0.509217,0.181721,-0.327496
4,5,3,0.40,300,400,400,0.464315,0.181721,-0.282594
4,5,3,0.80,0,400,400,0.483434,0.352936,-0.130498
4,5,3,0.80,5,400,400,0.512583,0.352936,-0.159647
4,5,3,0.80,10,400,400,0.519795,0.352936,-0.166859
4,5,3,0.80,20,400,400,0.524270,0.352936,-0.171334
4,5,3,0.80,50,400,400,0.525971,0.352936,-0.173035
4,5,3,0.80,100,400,400,0.509217,0.352936,-0.156281
4,5,3,0.80,300,400,400,0.464315,0.352936,-0.111379
4,5,3,1.20,0,400,400,0.483434,0.496933,0.013499
4,5,3,1.20,5,400,400,0.512583,0.496933,-0.015650
4,5,3,1.20,10,400,400,0.519795,0.496933,-0.022862
4,5,3,1.20,20,400,400,0.524270,0.496933,-0.027337
4,5,3,1.20,50,400,400,0.525971,0.496933,-0.029038
4,5,3,1.20,100,400,400,0.509217,0.496933,-0.012284
4,5,3,1.20,300,400,400,0.464315,0.496933,0.032618
4,5,5,0.40,0,400,400,0.483434,0.142031,-0.341403
4,5,5,0.40,5,400,400,0.512583,0.142031,-0.370552
4,5,5,0.40,10,400,400,0.519795,0.142031,-0.377764
4,5,5,0.40,20,400,400,0.524270,0.142031,-0.382239
4,5,5,0.40,50,400,400,0.525971,0.142031,-0.383940
4,5,5,0.40,100,400,400,0.509217,0.142031,-0.367186
4,5,5,0.40,300,400,400,0.464315,0.142031,-0.322284
4,5,5,0.80,0,400,400,0.483434,0.275526,-0.207909
4,5,5,0.80,5,400,400,0.512583,0.275526,-0.237058
4,5,5,0.80,10,400,400,0.519795,0.275526,-0.244270
4,5,5,0.80,20,400,400,0.524270,0.275526,-0.248745
4,5,5,0.80,50,400,400,0.525971,0.275526,-0.250445
4,5,5,0.80,100,400,400,0.509217,0.275526,-0.233691
4,5,5,0.80,300,400,400,0.464315,0.275526,-0.188789
4,5,5,1.20,0,400,400,0.483434,0.386299,-0.097135
4,5,5,1.20,5,400,400,0.512583,0.386299,-0.126284
4,5,5,1.20,10,400,400,0.519795,0.386299,-0.133496
4,5,5,1.20,20,400,400,0.524270,0.386299,-0.137971
4,5,5,1.20,50,400,400,0.525971,0.386299,-0.139672
4,5,5,1.20,100,400,400,0.509217,0.386299,-0.122918
4,5,5,1.20,300,400,400,0.464315,0.386299,-0.078016
4,10,1,0.40,0,400,400,0.483434,0.322859,-0.160575
4,10,1,0.40,5,400,400,0.488595,0.322859,-0.165735
4,10,1,0.40,10,400,400,0.483747,0.322859,-0.160888
4,10,1,0.40,20,400,400,0.481063,0.322859,-0.158203
4,10,1,0.40,50,400,400,0.470663,0.322859,-0.147804
4,10,1,0.40,100,400,400,0.454452,0.322859,-0.131592
4,10,1,0.40,300,400,400,0.393388,0.322859,-0.070528
4,10,1,0.80,0,400,400,0.483434,0.623226,0.139792
4,10,1,0.80,5,400,400,0.488595,0.623226,0.134631
4,10,1,0.80,10,400,400,0.483747,0.623226,0.139478
4,10,1,0.80,20,400,400,0.481063,0.623226,0.142163
4,10,1,0.80,50,400,400,0.470663,0.623226,0.152563
4,10,1,0.80,100,400,400,0.454452,0.623226,0.168774
4,10,1,0.80,300,400,400,0.393388,0.623226,0.229838
4,10,1,1.20,0,400,400,0.483434,0.879643,0.396208
4,10,1,1.20,5,400,400,0.488595,0.879643,0.391048
4,10,1,1.20,10,400,400,0.483747,0.879643,0.395895
4,10,1,1.20,20,400,400,0.481063,0.879643,0.398580
4,10,1,1.20,50,400,400,0.470663,0.879643,0.408980
4,10,1,1.20,100,400,400,0.454452,0.879643,0.425191
4,10,1,1.20,300,400,400,0.393388,0.879643,0.486255
4,10,3,0.40,0,400,400,0.483434,0.181721,-0.301713
4,10,3,0.40,5,400,400,0.488595,0.181721,-0.306874
4,10,3,0.40,10,400,400,0.483747,0.181721,-0.302026
4,10,3,0.40,20,400,400,0.481063,0.181721,-0.299341
4,10,3,0.40,50,400,400,0.470663,0.181721,-0.288942
4,10,3,0.40,100,400,400,0.454452,0.181721,-0.272731
4,10,3,0.40,300,400,400,0.393388,0.181721,-0.211666
4,10,3,0.80,0,400,400,0.483434,0.352936,-0.130498
4,10,3,0.80,5,400,400,0.488595,0.352936,-0.135659
4,10,3,0.80,10,400,400,0.483747,0.352936,-0.130812
4,10,3,0.80,20,400,400,0.481063,0.352936,-0.128127
4,10,3,0.80,50,400,400,0.470663,0.352936,-0.117727
4,10,3,0.80,100,400,400,0.454452,0.352936,-0.101516
4,10,3,0.80,300,400,400,0.393388,0.352936,-0.040452
4,10,3,1.20,0,400,400,0.483434,0.496933,0.013499
4,10,3,1.20,5,400,400,0.488595,0.496933,0.008338
4,10,3,1.20,10,400,400,0.483747,0.496933,0.013185
4,10,3,1.20,20,400,400,0.481063,0.496933,0.015870
4,10,3,1.20,50,400,400,0.470663,0.496933,0.026270
4,10,3,1.20,100,400,400,0.454452,0.496933,0.042481
4,10,3,1.20,300,400,400,0.393388,0.496933,0.103545
4,10,5,0.40,0,400,400,0.483434,0.142031,-0.341403
4,10,5,0.40,5,400,400,0.488595,0.142031,-0.346564
4,10,5,0.40,10,400,400,0.483747,0.142031,-0.341717
4,10,5,0.40,20,400,400,0.481063,0.142031,-0.339032
4,10,5,0.40,50,400,400,0.470663,0.142031,-0.328632
4,10,5,0.40,100,400,400,0.454452,0.142031,-0.312421
4,10,5,0.40,300,400,400,0.393388,0.142031,-0.251357
4,10,5,0.80,0,400,400,0.483434,0.275526,-0.207909
4,10,5,0.80,5,400,400,0.488595,0.275526,-0.213069
4,10,5,0.80,10,400,400,0.483747,0.275526,-0.208222
4,10,5,0.80,20,400,400,0.481063,0.275526,-0.205537
4,10,5,0.80,50,400,400,0.470663,0.275526,-0.195137
4,10,5,0.80,100,400,400,0.454452,0.275526,-0.178926
4,10,5,0.80,300,400,400,0.393388,0.275526,-0.117862
4,10,5,1.20,0,400,400,0.483434,0.386299,-0.097135
4,10,5,1.20,5,400,400,0.488595,0.386299,-0.102296
4,10,5,1.20,10,400,400,0.483747,0.386299,-0.097448
4,10,5,1.20,20,400,400,0.481063,0.386299,-0.094763
4,10,5,1.20,50,400,400,0.470663,0.386299,-0.084364
4,10,5,1.20,100,400,400,0.454452,0.386299,-0.068153
4,10,5,1.20,300,400,400,0.393388,0.386299,-0.007089
4,20,1,0.40,0,400,400,0.483434,0.322859,-0.160575
4,20,1,0.40,5,400,400,0.476026,0.322859,-0.153166
4,20,1,0.40,10,400,400,0.468332,0.322859,-0.145473
4,20,1,0.40,20,400,400,0.458727,0.322859,-0.135867
4,20,1,0.40,50,400,400,0.447023,0.322859,-0.124164
4,20,1,0.40,100,400,400,0.435433,0.322859,-0.112573
4,20,1,0.40,300,400,400,0.382512,0.322859,-0.059653
4,20,1,0.80,0,400,400,0.483434,0.623226,0.139792
4,20,1,0.80,5,400,400,0.476026,0.623226,0.147200
4,20,1,0.80,10,400,400,0.468332,0.623226,0.154893
4,20,1,0.80,20,400,400,0.458727,0.623226,0.164499
4,20,1,0.80,50,400,400,0.447023,0.623226,0.176202
4,20,1,0.80,100,400,400,0.435433,0.623226,0.187793
4,20,1,0.80,300,400,400,0.382512,0.623226,0.240714
4,20,1,1.20,0,400,400,0.483434,0.879643,0.396208
4,20,1,1.20,5,400,400,0.476026,0.879643,0.403617
4,20,1,1.20,10,400,400,0.468332,0.879643,0.411310
4,20,1,1.20,20,400,400,0.458727,0.879643,0.420916
4,20,1,1.20,50,400,400,0.447023,0.879643,0.432619
4,20,1,1.20,100,400,400,0.435433,0.879643,0.444210
4,20,1,1.20,300,400,400,0.382512,0.879643,0.497130
4,20,3,0.40,0,400,400,0.483434,0.181721,-0.301713
4,20,3,0.40,5,400,400,0.476026,0.181721,-0.294304
4,20,3,0.40,10,400,400,0.468332,0.181721,-0.286611
4,20,3,0.40,20,400,400,0.458727,0.181721,-0.277005
4,20,3,0.40,50,400,400,0.447023,0.181721,-0.265302
4,20,3,0.40,100,400,400,0.435433,0.181721,-0.253712
4,20,3,0.40,300,400,400,0.382512,0.181721,-0.200791
4,20,3,0.80,0,400,400,0.483434,0.352936,-0.130498
4,20,3,0.80,5,400,400,0.476026,0.352936,-0.123090
4,20,3,0.80,10,400,400,0.468332,0.352936,-0.115396
4,20,3,0.80,20,400,400,0.458727,0.352936,-0.105791
4,20,3,0.80,50,400,400,0.447023,0.352936,-0.094087
4,20,3,0.80,100,400,400,0.435433,0.352936,-0.082497
4,20,3,0.80,300,400,400,0.382512,0.352936,-0.029576
4,20,3,1.20,0,400,400,0.483434,0.496933,0.013499
4,20,3,1.20,5,400,400,0.476026,0.496933,0.020907
4,20,3,1.20,10,400,400,0.468332,0.496933,0.028600
4,20,3,1.20,20,400,400,0.458727,0.496933,0.038206
4,20,3,1.20,50,400,400,0.447023,0.496933,0.049909
4,20,3,1.20,100,400,400,0.435433,0.496933,0.061500
4,20,3,1.20,300,400,400,0.382512,0.496933,0.114421
4,20,5,0.40,0,400,400,0.483434,0.142031,-0.341403
4,20,5,0.40,5,400,400,0.476026,0.142031,-0.333995
4,20,5,0.40,10,400,400,0.468332,0.142031,-0.326302
4,20,5,0.40,20,400,400,0.458727,0.142031,-0.316696
4,20,5,0.40,50,400,400,0.447023,0.142031,-0.304993
4,20,5,0.40,100,400,400,0.435433,0.142031,-0.293402
4,20,5,0.40,300,400,400,0.382512,0.142031,-0.240482
4,20,5,0.80,0,400,400,0.483434,0.275526,-0.207909
4,20,5,0.80,5,400,400,0.476026,0.275526,-0.200500
4,20,5,0.80,10,400,400,0.468332,0.275526,-0.192807
4,20,5,0.80,20,400,400,0.458727,0.275526,-0.183201
4,20,5,0.80,50,400,400,0.447023,0.275526,-0.171498
4,20,5,0.80,100,400,400,0.435433,0.275526,-0.159907
4,20,5,0.80,300,400,400,0.382512,0.275526,-0.106987
4,20,5,1.20,0,400,400,0.483434,0.386299,-0.097135
4,20,5,1.20,5,400,400,0.476026,0.386299,-0.089726
4,20,5,1.20,10,400,400,0.468332,0.386299,-0.082033
4,20,5,1.20,20,400,400,0.458727,0.386299,-0.072427
4,20,5,1.20,50,400,400,0.447023,0.386299,-0.060724
4,20,5,1.20,100,400,400,0.435433,0.386299,-0.049134
4,20,5,1.20,300,400,400,0.382512,0.386299,0.003787
4,50,1,0.40,0,400,400,0.483434,0.322859,-0.160575
4,50,1,0.40,5,400,400,0.472252,0.322859,-0.149393
4,50,1,0.40,10,400,400,0.463648,0.322859,-0.140789
4,50,1,0.40,20,400,400,0.456195,0.322859,-0.133335
4,50,1,0.40,50,400,400,0.440277,0.322859,-0.117418
4,50,1,0.40,100,400,400,0.422241,0.322859,-0.099381
4,50,1,0.40,300,400,400,0.353854,0.322859,-0.030994
4,50,1,0.80,0,400,400,0.483434,0.623226,0.139792
4,50,1,0.80,5,400,400,0.472252,0.623226,0.150974
4,50,1,0.80,10,400,400,0.463648,0.623226,0.159578
4,50,1,0.80,20,400,400,0.456195,0.623226,0.167031
4,50,1,0.80,50,400,400,0.440277,0.623226,0.182949
4,50,1,0.80,100,400,400,0.422241,0.623226,0.200985
4,50,1,0.80,300,400,400,0.353854,0.623226,0.269372
4,50,1,1.20,0,400,400,0.483434,0.879643,0.396208
4,50,1,1.20,5,400,400,0.472252,0.879643,0.407390
4,50,1,1.20,10,400,400,0.463648,0.879643,0.415994
4,50,1,1.20,20,400,400,0.456195,0.879643,0.423448
4,50,1,1.20,50,400,400,0.440277,0.879643,0.439365
4,50,1,1.20,100,400,400,0.422241,0.879643,0.457402
4,50,1,1.20,300,400,400,0.353854,0.879643,0.525789
4,50,3,0.40,0,400,400,0.483434,0.181721,-0.301713
4,50,3,0.40,5,400,400,0.472252,0.181721,-0.290531
4,50,3,0.40,10,400,400,0.463648,0.181721,-0.281927
4,50,3,0.40,20,400,400,0.456195,0.181721,-0.274473
4,50,3,0.40,50,400,400,0.440277,0.181721,-0.258556
4,50,3,0.40,100,400,400,0.422241,0.181721,-0.240519
4,50,3,0.40,300,400,400,0.353854,0.181721,-0.172132
4,50,3,0.80,0,400,400,0.483434,0.352936,-0.130498
4,50,3,0.80,5,400,400,0.472252,0.352936,-0.119316
4,50,3,0.80,10,400,400,0.463648,0.352936,-0.110712
4,50,3,0.80,20,400,400,0.456195,0.352936,-0.103259
4,50,3,0.80,50,400,400,0.440277,0.352936,-0.087341
4,50,3,0.80,100,400,400,0.422241,0.352936,-0.069305
4,50,3,0.80,300,400,400,0.353854,0.352936,-0.000918
4,50,3,1.20,0,400,400,0.483434,0.496933,0.013499
4,50,3,1.20,5,400,400,0.472252,0.496933,0.024681
4,50,3,1.20,10,400,400,0.463648,0.496933,0.033285
4,50,3,1.20,20,400,400,0.456195,0.496933,0.040738
4,50,3,1.20,50,400,400,0.440277,0.496933,0.056656
4,50,3,1.20,100,400,400,0.422241,0.496933,0.074692
4,50,3,1.20,300,400,400,0.353854,0.496933,0.143079
4,50,5,0.40,0,400,400,0.483434,0.142031,-0.341403
4,50,5,0.40,5,400,400,0.472252,0.142031,-0.330221
4,50,5,0.40,10,400,400,0.463648,0.142031,-0.321617
4,50,5,0.40,20,400,400,0.456195,0.142031,-0.314164
4,50,5,0.40,50,400,400,0.440277,0.142031,-0.298246
4,50,5,0.40,100,400,400,0.422241,0.142031,-0.280210
4,50,5,0.40,300,400,400,0.353854,0.142031,-0.211823
4,50,5,0.80,0,400,400,0.483434,0.275526,-0.207909
4,50,5,0.80,5,400,400,0.472252,0.275526,-0.196727
4,50,5,0.80,10,400,400,0.463648,0.275526,-0.188122
4,50,5,0.80,20,400,400,0.456195,0.275526,-0.180669
4,50,5,0.80,50,400,400,0.440277,0.275526,-0.164752
4,50,5,0.80,100,400,400,0.422241,0.275526,-0.146715
4,50,5,0.80,300,400,400,0.353854,0.275526,-0.078328
4,50,5,1.20,0,400,400,0.483434,0.386299,-0.097135
4,50,5,1.20,5,400,400,0.472252,0.386299,-0.085953
4,50,5,1.20,10,400,400,0.463648,0.386299,-0.077349
4,50,5,1.20,20,400,400,0.456195,0.386299,-0.069896
4,50,5,1.20,50,400,400,0.440277,0.386299,-0.053978
4,50,5,1.20,100,400,400,0.422241,0.386299,-0.035941
4,50,5,1.20,300,400,400,0.353854,0.386299,0.032445
5,5,1,0.40,0,400,400,0.481094,0.336174,-0.144919
5,5,1,0.40,5,400,400,0.496832,0.336174,-0.160658
5,5,1,0.40,10,400,400,0.505392,0.336174,-0.169218
5,5,1,0.40,20,400,400,0.501360,0.336174,-0.165186
5,5,1,0.40,50,400,400,0.486259,0.336174,-0.150085
5,5,1,0.40,100,400,400,0.482836,0.336174,-0.146662
5,5,1,0.40,300,400,400,0.435792,0.336174,-0.099618
5,5,1,0.80,0,400,400,0.481094,0.649099,0.168005
5,5,1,0.80,5,400,400,0.496832,0.649099,0.152266
5,5,1,0.80,10,400,400,0.505392,0.649099,0.143706
5,5,1,0.80,20,400,400,0.501360,0.649099,0.147738
5,5,1,0.80,50,400,400,0.486259,0.649099,0.162839
5,5,1,0.80,100,400,400,0.482836,0.649099,0.166263
5,5,1,0.80,300,400,400,0.435792,0.649099,0.213306
5,5,1,1.20,0,400,400,0.481094,0.901971,0.420877
5,5,1,1.20,5,400,400,0.496832,0.901971,0.405139
5,5,1,1.20,10,400,400,0.505392,0.901971,0.396579
5,5,1,1.20,20,400,400,0.501360,0.901971,0.400611
5,5,1,1.20,50,400,400,0.486259,0.901971,0.415712
5,5,1,1.20,100,400,400,0.482836,0.901971,0.419135
5,5,1,1.20,300,400,400,0.435792,0.901971,0.466179
5,5,3,0.40,0,400,400,0.481094,0.181247,-0.299846
5,5,3,0.40,5,400,400,0.496832,0.181247,-0.315585
5,5,3,0.40,10,400,400,0.505392,0.181247,-0.324145
5,5,3,0.40,20,400,400,0.501360,0.181247,-0.320113
5,5,3,0.40,50,400,400,0.486259,0.181247,-0.305012
5,5,3,0.40,100,400,400,0.482836,0.181247,-0.301589
5,5,3,0.40,300,400,400,0.435792,0.181247,-0.254545
5,5,3,0.80,0,400,400,0.481094,0.351631,-0.129463
5,5,3,0.80,5,400,400,0.496832,0.351631,-0.145202
5,5,3,0.80,10,400,400,0.505392,0.351631,-0.153762
5,5,3,0.80,20,400,400,0.501360,0.351631,-0.149729
5,5,3,0.80,50,400,400,0.486259,0.351631,-0.134629
5,5,3,0.80,100,400,400,0.482836,0.351631,-0.131205
5,5,3,0.80,300,400,400,0.435792,0.351631,-0.084162
5,5,3,1.20,0,400,400,0.481094,0.499539,0.018445
5,5,3,1.20,5,400,400,0.496832,0.499539,0.002707
5,5,3,1.20,10,400,400,0.505392,0.499539,-0.005853
5,5,3,1.20,20,400,400,0.501360,0.499539,-0.001821
5,5,3,1.20,50,400,400,0.486259,0.499539,0.013280
5,5,3,1.20,100,400,400,0.482836,0.499539,0.016703
5,5,3,1.20,300,400,400,0.435792,0.499539,0.063747
5,5,5,0.40,0,400,400,0.481094,0.144395,-0.336699
5,5,5,0.40,5,400,400,0.496832,0.144395,-0.352438
5,5,5,0.40,10,400,400,0.505392,0.144395,-0.360998
5,5,5,0.40,20,400,400,0.501360,0.144395,-0.356965
5,5,5,0.40,50,400,400,0.486259,0.144395,-0.341865
5,5,5,0.40,100,400,400,0.482836,0.144395,-0.338441
5,5,5,0.40,300,400,400,0.435792,0.144395,-0.291398
5,5,5,0.80,0,400,400,0.481094,0.276260,-0.204834
5,5,5,0.80,5,400,400,0.496832,0.276260,-0.220573
5,5,5,0.80,10,400,400,0.505392,0.276260,-0.229133
5,5,5,0.80,20,400,400,0.501360,0.276260,-0.225101
5,5,5,0.80,50,400,400,0.486259,0.276260,-0.210000
5,5,5,0.80,100,400,400,0.482836,0.276260,-0.206577
5,5,5,0.80,300,400,400,0.435792,0.276260,-0.159533
5,5,5,1.20,0,400,400,0.481094,0.390824,-0.090270
5,5,5,1.20,5,400,400,0.496832,0.390824,-0.106009
5,5,5,1.20,10,400,400,0.505392,0.390824,-0.114569
5,5,5,1.20,20,400,400,0.501360,0.390824,-0.110537
5,5,5,1.20,50,400,400,0.486259,0.390824,-0.095436
5,5,5,1.20,100,400,400,0.482836,0.390824,-0.092013
5,5,5,1.20,300,400,400,0.435792,0.390824,-0.044969
5,10,1,0.40,0,400,400,0.481094,0.336174,-0.144919
5,10,1,0.40,5,400,400,0.467418,0.336174,-0.131243
5,10,1,0.40,10,400,400,0.465849,0.336174,-0.129674
5,10,1,0.40,20,400,400,0.464544,0.336174,-0.128370
5,10,1,0.40,50,400,400,0.453505,0.336174,-0.117330
5,10,1,0.40,100,400,400,0.439496,0.336174,-0.103322
5,10,1,0.40,300,400,400,0.391814,0.336174,-0.055639
5,10,1,0.80,0,400,400,0.481094,0.649099,0.168005
5,10,1,0.80,5,400,400,0.467418,0.649099,0.181681
5,10,1,0.80,10,400,400,0.465849,0.649099,0.183250
5,10,1,0.80,20,400,400,0.464544,0.649099,0.184555
5,10,1,0.80,50,400,400,0.453505,0.649099,0.195594
5,10,1,0.80,100,400,400,0.439496,0.649099,0.209603
5,10,1,0.80,300,400,400,0.391814,0.649099,0.257285
5,10,1,1.20,0,400,400,0.481094,0.901971,0.420877
5,10,1,1.20,5,400,400,0.467418,0.901971,0.434553
5,10,1,1.20,10,400,400,0.465849,0.901971,0.436122
5,10,1,1.20,20,400,400,0.464544,0.901971,0.437427
5,10,1,1.20,50,400,400,0.453505,0.901971,0.448466
5,10,1,1.20,100,400,400,0.439496,0.901971,0.462475
5,10,1,1.20,300,400,400,0.391814,0.901971,0.510157
5,10,3,0.40,0,400,400,0.481094,0.181247,-0.299846
5,10,3,0.40,5,400,400,0.467418,0.181247,-0.286170
5,10,3,0.40,10,400,400,0.465849,0.181247,-0.284601
5,10,3,0.40,20,400,400,0.464544,0.181247,-0.283296
5,10,3,0.40,50,400,400,0.453505,0.181247,-0.272257
5,10,3,0.40,100,400,400,0.439496,0.181247,-0.258249
5,10,3,0.40,300,400,400,0.391814,0.181247,-0.210566
5,10,3,0.80,0,400,400,0.481094,0.351631,-0.129463
5,10,3,0.80,5,400,400,0.467418,0.351631,-0.115787
5,10,3,0.80,10,400,400,0.465849,0.351631,-0.114218
5,10,3,0.80,20,400,400,0.464544,0.351631,-0.112913
5,10,3,0.80,50,400,400,0.453505,0.351631,-0.101874
5,10,3,0.80,100,400,400,0.439496,0.351631,-0.087865
5,10,3,0.80,300,400,400,0.391814,0.351631,-0.040183
5,10,3,1.20,0,400,400,0.481094,0.499539,0.018445
5,10,3,1.20,5,400,400,0.467418,0.499539,0.032121
5,10,3,1.20,10,400,400,0.465849,0.499539,0.033690
5,10,3,1.20,20,400,400,0.464544,0.499539,0.034995
5,10,3,1.20,50,400,400,0.453505,0.499539,0.046034
5,10,3,1.20,100,400,400,0.439496,0.499539,0.060043
5,10,3,1.20,300,400,400,0.391814,0.499539,0.107725
5,10,5,0.40,0,400,400,0.481094,0.144395,-0.336699
5,10,5,0.40,5,400,400,0.467418,0.144395,-0.323023
5,10,5,0.40,10,400,400,0.465849,0.144395,-0.321454
5,10,5,0.40,20,400,400,0.464544,0.144395,-0.320149
5,10,5,0.40,50,400,400,0.453505,0.144395,-0.309110
5,10,5,0.40,100,400,400,0.439496,0.144395,-0.295101
5,10,5,0.40,300,400,400,0.391814,0.144395,-0.247419
5,10,5,0.80,0,400,400,0.481094,0.276260,-0.204834
5,10,5,0.80,5,400,400,0.467418,0.276260,-0.191158
5,10,5,0.80,10,400,400,0.465849,0.276260,-0.189589
5,10,5,0.80,20,400,400,0.464544,0.276260,-0.188284
5,10,5,0.80,50,400,400,0.453505,0.276260,-0.177245
5,10,5,0.80,100,400,400,0.439496,0.276260,-0.163236
5,10,5,0.80,300,400,400,0.391814,0.276260,-0.115554
5,10,5,1.20,0,400,400,0.481094,0.390824,-0.090270
5,10,5,1.20,5,400,400,0.467418,0.390824,-0.076594
5,10,5,1.20,10,400,400,0.465849,0.390824,-0.075025
5,10,5,1.20,20,400,400,0.464544,0.390824,-0.073720
5,10,5,1.20,50,400,400,0.453505,0.390824,-0.062681
5,10,5,1.20,100,400,400,0.439496,0.390824,-0.048672
5,10,5,1.20,300,400,400,0.391814,0.390824,-0.000990
5,20,1,0.40,0,400,400,0.481094,0.336174,-0.144919
5,20,1,0.40,5,400,400,0.469520,0.336174,-0.133345
5,20,1,0.40,10,400,400,0.463067,0.336174,-0.126893
5,20,1,0.40,20,400,400,0.452775,0.336174,-0.116601
5,20,1,0.40,50,400,400,0.435123,0.336174,-0.098949
5,20,1,0.40,100,400,400,0.418279,0.336174,-0.082105
5,20,1,0.40,300,400,400,0.371868,0.336174,-0.035694
5,20,1,0.80,0,400,400,0.481094,0.649099,0.168005
5,20,1,0.80,5,400,400,0.469520,0.649099,0.179579
5,20,1,0.80,10,400,400,0.463067,0.649099,0.186031
5,20,1,0.80,20,400,400,0.452775,0.649099,0.196324
5,20,1,0.80,50,400,400,0.435123,0.649099,0.213976
5,20,1,0.80,100,400,400,0.418279,0.649099,0.230820
5,20,1,0.80,300,400,400,0.371868,0.649099,0.277230
5,20,1,1.20,0,400,400,0.481094,0.901971,0.420877
5,20,1,1.20,5,400,400,0.469520,0.901971,0.432451
5,20,1,1.20,10,400,400,0.463067,0.901971,0.438903
5,20,1,1.20,20,400,400,0.452775,0.901971,0.449196
5,20,1,1.20,50,400,400,0.435123,0.901971,0.466848
5,20,1,1.20,100,400,400,0.418279,0.901971,0.483692
5,20,1,1.20,300,400,400,0.371868,0.901971,0.530103
5,20,3,0.40,0,400,400,0.481094,0.181247,-0.299846
5,20,3,0.40,5,400,400,0.469520,0.181247,-0.288272
5,20,3,0.40,10,400,400,0.463067,0.181247,-0.281820
5,20,3,0.40,20,400,400,0.452775,0.181247,-0.271528
5,20,3,0.40,50,400,400,0.435123,0.181247,-0.253876
5,20,3,0.40,100,400,400,0.418279,0.181247,-0.237031
5,20,3,0.40,300,400,400,0.371868,0.181247,-0.190621
5,20,3,0.80,0,400,400,0.481094,0.351631,-0.129463
5,20,3,0.80,5,400,400,0.469520,0.351631,-0.117889
5,20,3,0.80,10,400,400,0.463067,0.351631,-0.111437
5,20,3,0.80,20,400,400,0.452775,0.351631,-0.101144
5,20,3,0.80,50,400,400,0.435123,0.351631,-0.083492
5,20,3,0.80,100,400,400,0.418279,0.351631,-0.066648
5,20,3,0.80,300,400,400,0.371868,0.351631,-0.020237
5,20,3,1.20,0,400,400,0.481094,0.499539,0.018445
5,20,3,1.20,5,400,400,0.469520,0.499539,0.030019
5,20,3,1.20,10,400,400,0.463067,0.499539,0.036471
5,20,3,1.20,20,400,400,0.452775,0.499539,0.046764
5,20,3,1.20,50,400,400,0.435123,0.499539,0.064416
5,20,3,1.20,100,400,400,0.418279,0.499539,0.081260
5,20,3,1.20,300,400,400,0.371868,0.499539,0.127671
5,20,5,0.40,0,400,400,0.481094,0.144395,-0.336699
5,20,5,0.40,5,400,400,0.469520,0.144395,-0.325125
5,20,5,0.40,10,400,400,0.463067,0.144395,-0.318673
5,20,5,0.40,20,400,400,0.452775,0.144395,-0.308380
5,20,5,0.40,50,400,400,0.435123,0.144395,-0.290728
5,20,5,0.40,100,400,400,0.418279,0.144395,-0.273884
5,20,5,0.40,300,400,400,0.371868,0.144395,-0.227474
5,20,5,0.80,0,400,400,0.481094,0.276260,-0.204834
5,20,5,0.80,5,400,400,0.469520,0.276260,-0.193260
5,20,5,0.80,10,400,400,0.463067,0.276260,-0.186808
5,20,5,0.80,20,400,400,0.452775,0.276260,-0.176515
5,20,5,0.80,50,400,400,0.435123,0.276260,-0.158863
5,20,5,0.80,100,400,400,0.418279,0.276260,-0.142019
5,20,5,0.80,300,400,400,0.371868,0.276260,-0.095609
5,20,5,1.20,0,400,400,0.481094,0.390824,-0.090270
5,20,5,1.20,5,400,400,0.469520,0.390824,-0.078696
5,20,5,1.20,10,400,400,0.463067,0.390824,-0.072244
5,20,5,1.20,20,400,400,0.452775,0.390824,-0.061951
5,20,5,1.20,50,400,400,0.435123,0.390824,-0.044299
5,20,5,1.20,100,400,400,0.418279,0.390824,-0.027455
5,20,5,1.20,300,400,400,0.371868,0.390824,0.018955
5,50,1,0.40,0,400,400,0.481094,0.336174,-0.144919
5,50,1,0.40,5,400,400,0.470299,0.336174,-0.134125
5,50,1,0.40,10,400,400,0.463490,0.336174,-0.127315
5,50,1,0.40,20,400,400,0.456089,0.336174,-0.119915
5,50,1,0.40,50,400,400,0.443420,0.336174,-0.107246
5,50,1,0.40,100,400,400,0.423576,0.336174,-0.087402
5,50,1,0.40,300,400,400,0.362427,0.336174,-0.026253
5,50,1,0.80,0,400,400,0.481094,0.649099,0.168005
5,50,1,0.80,5,400,400,0.470299,0.649099,0.178800
5,50,1,0.80,10,400,400,0.463490,0.649099,0.185609
5,50,1,0.80,20,400,400,0.456089,0.649099,0.193009
5,50,1,0.80,50,400,400,0.443420,0.649099,0.205678
5,50,1,0.80,100,400,400,0.423576,0.649099,0.225523
5,50,1,0.80,300,400,400,0.362427,0.649099,0.286671
5,50,1,1.20,0,400,400,0.481094,0.901971,0.420877
5,50,1,1.20,5,400,400,0.470299,0.901971,0.431672
5,50,1,1.20,10,400,400,0.463490,0.901971,0.438481
5,50,1,1.20,20,400,400,0.456089,0.901971,0.445882
5,50,1,1.20,50,400,400,0.443420,0.901971,0.458550
5,50,1,1.20,100,400,400,0.423576,0.901971,0.478395
5,50,1,1.20,300,400,400,0.362427,0.901971,0.539544
5,50,3,0.40,0,400,400,0.481094,0.181247,-0.299846
5,50,3,0.40,5,400,400,0.470299,0.181247,-0.289052
5,50,3,0.40,10,400,400,0.463490,0.181247,-0.282242
5,50,3,0.40,20,400,400,0.456089,0.181247,-0.274842
5,50,3,0.40,50,400,400,0.443420,0.181247,-0.262173
5,50,3,0.40,100,400,400,0.423576,0.181247,-0.242329
5,50,3,0.40,300,400,400,0.362427,0.181247,-0.181180
5,50,3,0.80,0,400,400,0.481094,0.351631,-0.129463
5,50,3,0.80,5,400,400,0.470299,0.351631,-0.118668
5,50,3,0.80,10,400,400,0.463490,0.351631,-0.111859
5,50,3,0.80,20,400,400,0.456089,0.351631,-0.104459
5,50,3,0.80,50,400,400,0.443420,0.351631,-0.091790
5,50,3,0.80,100,400,400,0.423576,0.351631,-0.071945
5,50,3,0.80,300,400,400,0.362427,0.351631,-0.010797
5,50,3,1.20,0,400,400,0.481094,0.499539,0.018445
5,50,3,1.20,5,400,400,0.470299,0.499539,0.029240
5,50,3,1.20,10,400,400,0.463490,0.499539,0.036049
5,50,3,1.20,20,400,400,0.456089,0.499539,0.043450
5,50,3,1.20,50,400,400,0.443420,0.499539,0.056118
5,50,3,1.20,100,400,400,0.423576,0.499539,0.075963
5,50,3,1.20,300,400,400,0.362427,0.499539,0.137112
5,50,5,0.40,0,400,400,0.481094,0.144395,-0.336699
5,50,5,0.40,5,400,400,0.470299,0.144395,-0.325904
5,50,5,0.40,10,400,400,0.463490,0.144395,-0.319095
5,50,5,0.40,20,400,400,0.456089,0.144395,-0.311695
5,50,5,0.40,50,400,400,0.443420,0.144395,-0.299026
5,50,5,0.40,100,400,400,0.423576,0.144395,-0.279181
5,50,5,0.40,300,400,400,0.362427,0.144395,-0.218033
5,50,5,0.80,0,400,400,0.481094,0.276260,-0.204834
5,50,5,0.80,5,400,400,0.470299,0.276260,-0.194040
5,50,5,0.80,10,400,400,0.463490,0.276260,-0.187230
5,50,5,0.80,20,400,400,0.456089,0.276260,-0.179830
5,50,5,0.80,50,400,400,0.443420,0.276260,-0.167161
5,50,5,0.80,100,400,400,0.423576,0.276260,-0.147316
5,50,5,0.80,300,400,400,0.362427,0.276260,-0.086168
5,50,5,1.20,0,400,400,0.481094,0.390824,-0.090270
5,50,5,1.20,5,400,400,0.470299,0.390824,-0.079476
5,50,5,1.20,10,400,400,0.463490,0.390824,-0.072666
5,50,5,1.20,20,400,400,0.456089,0.390824,-0.065266
5,50,5,1.20,50,400,400,0.443420,0.390824,-0.052597
5,50,5,1.20,100,400,400,0.423576,0.390824,-0.032752
5,50,5,1.20,300,400,400,0.362427,0.390824,0.028396
