strategy,ratedGames,observations,mae
CURRENT,0,600,0.456841
CURRENT,10,600,0.441538
CURRENT,20,600,0.433774
CURRENT,40,600,0.420089
CURRENT,80,600,0.408067
CURRENT,160,600,0.387890
CURRENT,300,600,0.363799
SLOW_DECAY,0,600,0.456841
SLOW_DECAY,10,600,0.431206
SLOW_DECAY,20,600,0.424870
SLOW_DECAY,40,600,0.404842
SLOW_DECAY,80,600,0.374120
SLOW_DECAY,160,600,0.326279
SLOW_DECAY,300,600,0.287645
FLOOR_0_10,0,600,0.456841
FLOOR_0_10,10,600,0.440286
FLOOR_0_10,20,600,0.434284
FLOOR_0_10,40,600,0.423240
FLOOR_0_10,80,600,0.409359
FLOOR_0_10,160,600,0.381357
FLOOR_0_10,300,600,0.338339
