roundsPerGame,gameNight,player,ratedGames,appRatingBefore,expectedShare,actualShare,change,appRatingAfter,selfRating,trueSkill,errorAfter
5,0,Tracked_Strong,0,4.000000,,,0.000000,4.000000,4.000000,4.800000,0.800000
5,0,Tracked_Weak,0,2.600000,,,0.000000,2.600000,2.600000,2.000000,0.600000
5,1,Tracked_Strong,1,4.000000,0.321513,0.400000,0.062789,4.062789,4.000000,4.800000,0.737211
5,2,Tracked_Strong,2,4.062789,0.327884,0.200000,-0.072342,3.990447,4.000000,4.800000,0.809553
5,2,Tracked_Weak,1,2.600000,0.327884,0.200000,-0.102307,2.497693,2.600000,2.000000,0.497693
5,3,Tracked_Strong,3,3.990447,0.332101,0.600000,0.123737,4.114184,4.000000,4.800000,0.685816
5,4,Tracked_Strong,4,4.114184,0.343103,0.000000,-0.137241,3.976943,4.000000,4.800000,0.823057
5,4,Tracked_Weak,2,2.497693,0.343103,0.000000,-0.194088,2.303604,2.600000,2.000000,0.303604
5,5,Tracked_Strong,5,3.976943,0.353500,0.400000,0.016636,3.993580,4.000000,4.800000,0.806420
5,5,Tracked_Weak,3,2.303604,0.353500,0.400000,0.021477,2.325082,2.600000,2.000000,0.325082
5,6,Tracked_Strong,6,3.993580,0.345939,0.400000,0.017656,4.011236,4.000000,4.800000,0.788764
5,6,Tracked_Weak,4,2.325082,0.345939,0.400000,0.021625,2.346706,2.600000,2.000000,0.346706
5,7,Tracked_Weak,5,2.346706,0.335602,0.200000,-0.048514,2.298192,2.600000,2.000000,0.298192
5,7,Tracked_Strong,7,4.011236,0.332617,0.400000,0.020375,4.031611,4.000000,4.800000,0.768389
5,8,Tracked_Strong,8,4.031611,0.349236,0.200000,-0.042210,3.989400,4.000000,4.800000,0.810600
5,8,Tracked_Weak,6,2.298192,0.349236,0.200000,-0.048740,2.249452,2.600000,2.000000,0.249452
5,9,Tracked_Strong,9,3.989400,0.327178,0.200000,-0.033914,3.955486,4.000000,4.800000,0.844514
5,9,Tracked_Weak,7,2.249452,0.327178,0.200000,-0.038455,2.210997,2.600000,2.000000,0.210997
5,10,Tracked_Weak,8,2.210997,0.330560,0.800000,0.132778,2.343774,2.600000,2.000000,0.343774
5,10,Tracked_Strong,10,3.955486,0.333721,0.200000,-0.033829,3.921657,4.000000,4.800000,0.878343
5,11,Tracked_Weak,9,2.343774,0.333024,0.600000,0.071194,2.414968,2.600000,2.000000,0.414968
5,12,Tracked_Strong,11,3.921657,0.337017,0.200000,-0.033050,3.888607,4.000000,4.800000,0.911393
5,12,Tracked_Weak,10,2.414968,0.337017,0.200000,-0.034663,2.380305,2.600000,2.000000,0.380305
5,13,Tracked_Weak,11,2.380305,0.342016,0.400000,0.013986,2.394291,2.600000,2.000000,0.394291
5,14,Tracked_Strong,12,3.888607,0.337272,0.400000,0.014486,3.903094,4.000000,4.800000,0.896906
5,14,Tracked_Weak,12,2.394291,0.333766,0.000000,-0.077080,2.317211,2.600000,2.000000,0.317211
5,15,Tracked_Strong,13,3.903094,0.312268,0.400000,0.019466,3.922560,4.000000,4.800000,0.877440
5,16,Tracked_Weak,13,2.317211,0.333788,0.000000,-0.074061,2.243150,2.600000,2.000000,0.243150
5,16,Tracked_Strong,14,3.922560,0.335784,0.600000,0.056492,3.979051,4.000000,4.800000,0.820949
5,17,Tracked_Weak,14,2.243150,0.319474,0.600000,0.059979,2.303129,2.600000,2.000000,0.303129
5,17,Tracked_Strong,15,3.979051,0.340980,0.200000,-0.029121,3.949931,4.000000,4.800000,0.850069
5,18,Tracked_Strong,16,3.949931,0.341216,0.800000,0.091757,4.041687,4.000000,4.800000,0.758313
5,18,Tracked_Weak,15,2.303129,0.341216,0.800000,0.094766,2.397895,2.600000,2.000000,0.397895
5,19,Tracked_Strong,17,4.041687,0.328155,0.400000,0.013940,4.055627,4.000000,4.800000,0.744373
5,19,Tracked_Weak,16,2.397895,0.347350,0.200000,-0.029470,2.368425,2.600000,2.000000,0.368425
5,20,Tracked_Strong,18,4.055627,0.322713,0.600000,0.052286,4.107913,4.000000,4.800000,0.692087
5,20,Tracked_Weak,17,2.368425,0.322713,0.600000,0.053802,2.422227,2.600000,2.000000,0.422227
5,21,Tracked_Strong,19,4.107913,0.334151,0.400000,0.012085,4.119998,4.000000,4.800000,0.680002
5,21,Tracked_Weak,18,2.422227,0.334151,0.400000,0.012417,2.434643,2.600000,2.000000,0.434643
5,22,Tracked_Strong,20,4.119998,0.326554,0.400000,0.013138,4.133137,4.000000,4.800000,0.666863
5,22,Tracked_Weak,19,2.434643,0.326554,0.400000,0.013480,2.448123,2.600000,2.000000,0.448123
5,23,Tracked_Strong,21,4.133137,0.327369,0.600000,0.047594,4.180731,4.000000,4.800000,0.619269
5,23,Tracked_Weak,20,2.448123,0.327369,0.600000,0.048770,2.496893,2.600000,2.000000,0.496893
5,24,Tracked_Strong,22,4.180731,0.348214,0.400000,0.008833,4.189564,4.000000,4.800000,0.610436
5,24,Tracked_Weak,21,2.496893,0.348214,0.400000,0.009041,2.505933,2.600000,2.000000,0.505933
5,25,Tracked_Strong,23,4.189564,0.330132,0.400000,0.011655,4.201219,4.000000,4.800000,0.598781
5,25,Tracked_Weak,22,2.505933,0.330132,0.400000,0.011917,2.517850,2.600000,2.000000,0.517850
5,26,Tracked_Strong,24,4.201219,0.336342,0.200000,-0.022265,4.178954,4.000000,4.800000,0.621046
5,26,Tracked_Weak,23,2.517850,0.335852,0.200000,-0.022662,2.495188,2.600000,2.000000,0.495188
5,27,Tracked_Strong,25,4.178954,0.314430,0.200000,-0.018309,4.160645,4.000000,4.800000,0.639355
5,27,Tracked_Weak,24,2.495188,0.342743,0.600000,0.042010,2.537198,2.600000,2.000000,0.537198
5,28,Tracked_Strong,26,4.160645,0.344407,0.600000,0.040101,4.200746,4.000000,4.800000,0.599254
5,28,Tracked_Weak,25,2.537198,0.344407,0.600000,0.040895,2.578093,2.600000,2.000000,0.578093
5,29,Tracked_Weak,26,2.578093,0.328554,0.600000,0.042588,2.620681,2.600000,2.000000,0.620681
5,29,Tracked_Strong,27,4.200746,0.348643,0.200000,-0.022885,4.177861,4.000000,4.800000,0.622139
5,30,Tracked_Strong,28,4.177861,0.317581,0.000000,-0.048014,4.129848,4.000000,4.800000,0.670152
5,30,Tracked_Weak,27,2.620681,0.352869,0.400000,0.007256,2.627937,2.600000,2.000000,0.627937
5,31,Tracked_Strong,29,4.129848,0.338544,0.200000,-0.020582,4.109266,4.000000,4.800000,0.690734
5,31,Tracked_Weak,28,2.627937,0.329429,0.600000,0.040907,2.668844,2.600000,2.000000,0.668844
5,32,Tracked_Strong,30,4.109266,0.341599,0.200000,-0.020682,4.088584,4.000000,4.800000,0.711416
5,33,Tracked_Strong,31,4.088584,0.315914,0.400000,0.012082,4.100666,4.000000,4.800000,0.699334
5,33,Tracked_Weak,29,2.668844,0.315914,0.400000,0.012492,2.681335,2.600000,2.000000,0.681335
5,34,Tracked_Weak,30,2.681335,0.330192,0.000000,-0.048228,2.633108,2.600000,2.000000,0.633108
5,34,Tracked_Strong,32,4.100666,0.348555,0.400000,0.007275,4.107942,4.000000,4.800000,0.692058
5,35,Tracked_Weak,31,2.633108,0.324562,0.400000,0.010839,2.643947,2.600000,2.000000,0.643947
5,35,Tracked_Strong,33,4.107942,0.339505,0.200000,-0.019428,4.088514,4.000000,4.800000,0.711486
5,36,Tracked_Strong,34,4.088514,0.313736,0.200000,-0.015605,4.072909,4.000000,4.800000,0.727091
5,36,Tracked_Weak,32,2.643947,0.346408,0.400000,0.007579,2.651526,2.600000,2.000000,0.651526
5,37,Tracked_Strong,35,4.072909,0.326477,0.200000,-0.017103,4.055806,4.000000,4.800000,0.744194
5,37,Tracked_Weak,33,2.651526,0.326477,0.200000,-0.017613,2.633913,2.600000,2.000000,0.633913
5,38,Tracked_Strong,36,4.055806,0.323076,0.400000,0.010257,4.066063,4.000000,4.800000,0.733937
5,38,Tracked_Weak,34,2.633913,0.335857,0.400000,0.008800,2.642713,2.600000,2.000000,0.642713
5,39,Tracked_Strong,37,4.066063,0.342716,0.400000,0.007534,4.073597,4.000000,4.800000,0.726403
5,39,Tracked_Weak,35,2.642713,0.342716,0.400000,0.007746,2.650459,2.600000,2.000000,0.650459
5,40,Tracked_Strong,38,4.073597,0.330558,0.200000,-0.016943,4.056653,4.000000,4.800000,0.743347
5,41,Tracked_Strong,39,4.056653,0.329310,0.400000,0.009056,4.065709,4.000000,4.800000,0.734291
5,42,Tracked_Weak,36,2.650459,0.326575,0.600000,0.036457,2.686916,2.600000,2.000000,0.686916
5,42,Tracked_Strong,40,4.065709,0.346881,0.000000,-0.043877,4.021832,4.000000,4.800000,0.778168
5,43,Tracked_Weak,37,2.686916,0.323466,0.600000,0.036370,2.723285,2.600000,2.000000,0.723285
5,43,Tracked_Strong,41,4.021832,0.338589,0.200000,-0.017315,4.004516,4.000000,4.800000,0.795484
5,44,Tracked_Weak,38,2.723285,0.334631,0.200000,-0.017472,2.705813,2.600000,2.000000,0.705813
5,44,Tracked_Strong,42,4.004516,0.332931,0.400000,0.008279,4.012796,4.000000,4.800000,0.787204
5,45,Tracked_Strong,43,4.012796,0.337277,0.400000,0.007652,4.020448,4.000000,4.800000,0.779552
5,45,Tracked_Weak,39,2.705813,0.337277,0.400000,0.008035,2.713848,2.600000,2.000000,0.713848
5,46,Tracked_Weak,40,2.713848,0.326430,0.400000,0.009306,2.723154,2.600000,2.000000,0.723154
5,46,Tracked_Strong,44,4.020448,0.336629,0.400000,0.007643,4.028091,4.000000,4.800000,0.771909
5,47,Tracked_Strong,45,4.028091,0.332273,0.600000,0.031928,4.060019,4.000000,4.800000,0.739981
5,47,Tracked_Weak,41,2.723154,0.337253,0.400000,0.007840,2.730994,2.600000,2.000000,0.730994
5,48,Tracked_Weak,42,2.730994,0.313855,0.400000,0.010634,2.741628,2.600000,2.000000,0.741628
5,48,Tracked_Strong,46,4.060019,0.340623,0.400000,0.007004,4.067023,4.000000,4.800000,0.732977
5,49,Tracked_Weak,43,2.741628,0.336107,0.600000,0.032195,2.773822,2.600000,2.000000,0.773822
5,49,Tracked_Strong,47,4.067023,0.334549,0.200000,-0.015701,4.051322,4.000000,4.800000,0.748678
5,50,Tracked_Weak,44,2.773822,0.317257,0.000000,-0.038263,2.735560,2.600000,2.000000,0.735560
5,51,Tracked_Strong,48,4.051322,0.343441,0.400000,0.006531,4.057853,4.000000,4.800000,0.742147
5,52,Tracked_Strong,49,4.057853,0.335407,0.400000,0.007382,4.065235,4.000000,4.800000,0.734765
5,52,Tracked_Weak,45,2.735560,0.338219,0.600000,0.031219,2.766779,2.600000,2.000000,0.766779
5,53,Tracked_Strong,50,4.065235,0.350095,0.400000,0.005646,4.070881,4.000000,4.800000,0.729119
5,53,Tracked_Weak,46,2.766779,0.350095,0.400000,0.005887,2.772666,2.600000,2.000000,0.772666
5,54,Tracked_Strong,51,4.070881,0.315461,0.400000,0.009470,4.080351,4.000000,4.800000,0.719649
5,54,Tracked_Weak,47,2.772666,0.342201,0.400000,0.006745,2.779410,2.600000,2.000000,0.779410
5,55,Tracked_Weak,48,2.779410,0.313084,0.200000,-0.013058,2.766352,2.600000,2.000000,0.766352
5,55,Tracked_Strong,52,4.080351,0.343566,0.600000,0.028449,4.108800,4.000000,4.800000,0.691200
5,56,Tracked_Weak,49,2.766352,0.327929,0.200000,-0.014620,2.751732,2.600000,2.000000,0.751732
5,56,Tracked_Strong,53,4.108800,0.343473,0.600000,0.028189,4.136989,4.000000,4.800000,0.663011
5,57,Tracked_Strong,54,4.136989,0.338046,0.400000,0.006745,4.143734,4.000000,4.800000,0.656266
5,57,Tracked_Weak,50,2.751732,0.338046,0.400000,0.007009,2.758741,2.600000,2.000000,0.758741
5,58,Tracked_Weak,51,2.758741,0.344176,0.200000,-0.016151,2.742590,2.600000,2.000000,0.742590
5,58,Tracked_Strong,55,4.143734,0.340505,0.400000,0.006418,4.150152,4.000000,4.800000,0.649848
5,59,Tracked_Weak,52,2.742590,0.328290,0.000000,-0.036421,2.706170,2.600000,2.000000,0.706170
5,59,Tracked_Strong,56,4.150152,0.354258,0.400000,0.004890,4.155042,4.000000,4.800000,0.644958
5,60,Tracked_Strong,57,4.155042,0.329534,0.400000,0.007467,4.162509,4.000000,4.800000,0.637491
5,60,Tracked_Weak,53,2.706170,0.321249,0.000000,-0.035302,2.670868,2.600000,2.000000,0.670868
5,61,Tracked_Strong,58,4.162509,0.345224,0.400000,0.005754,4.168263,4.000000,4.800000,0.631737
5,61,Tracked_Weak,54,2.670868,0.345224,0.400000,0.005963,2.676831,2.600000,2.000000,0.676831
5,62,Tracked_Strong,59,4.168263,0.323867,0.000000,-0.033731,4.134532,4.000000,4.800000,0.665468
5,62,Tracked_Weak,55,2.676831,0.328486,0.400000,0.007714,2.684546,2.600000,2.000000,0.684546
5,63,Tracked_Weak,56,2.684546,0.333081,0.200000,-0.014227,2.670319,2.600000,2.000000,0.670319
5,63,Tracked_Strong,60,4.134532,0.333446,0.800000,0.048185,4.182717,4.000000,4.800000,0.617283
5,64,Tracked_Strong,61,4.182717,0.314411,0.200000,-0.011719,4.170998,4.000000,4.800000,0.629002
5,64,Tracked_Weak,57,2.670319,0.342902,0.400000,0.006050,2.676369,2.600000,2.000000,0.676369
5,65,Tracked_Weak,58,2.676369,0.337167,0.400000,0.006600,2.682969,2.600000,2.000000,0.682969
5,65,Tracked_Strong,62,4.170998,0.336585,0.200000,-0.013877,4.157121,4.000000,4.800000,0.642879
5,66,Tracked_Weak,59,2.682969,0.328634,0.200000,-0.013397,2.669572,2.600000,2.000000,0.669572
5,67,Tracked_Weak,60,2.669572,0.314940,0.000000,-0.032527,2.637045,2.600000,2.000000,0.637045
5,68,Tracked_Weak,61,2.637045,0.312001,0.400000,0.009014,2.646059,2.600000,2.000000,0.646059
5,68,Tracked_Strong,63,4.157121,0.344319,0.400000,0.005612,4.162733,4.000000,4.800000,0.637267
5,69,Tracked_Strong,64,4.162733,0.331307,0.400000,0.006869,4.169602,4.000000,4.800000,0.630398
5,69,Tracked_Weak,62,2.646059,0.336375,0.600000,0.026784,2.672843,2.600000,2.000000,0.672843
5,70,Tracked_Strong,65,4.169602,0.336033,0.000000,-0.033344,4.136259,4.000000,4.800000,0.663741
5,70,Tracked_Weak,63,2.672843,0.336033,0.000000,-0.033869,2.638974,2.600000,2.000000,0.638974
5,71,Tracked_Strong,66,4.136259,0.326128,0.600000,0.026969,4.163228,4.000000,4.800000,0.636772
5,71,Tracked_Weak,64,2.638974,0.326128,0.600000,0.027387,2.666361,2.600000,2.000000,0.666361
5,72,Tracked_Weak,65,2.666361,0.321516,0.200000,-0.012058,2.654304,2.600000,2.000000,0.654304
5,72,Tracked_Strong,67,4.163228,0.330467,0.600000,0.026343,4.189571,4.000000,4.800000,0.610429
5,73,Tracked_Strong,68,4.189571,0.327115,0.000000,-0.031735,4.157836,4.000000,4.800000,0.642164
5,73,Tracked_Weak,66,2.654304,0.327280,0.600000,0.026856,2.681159,2.600000,2.000000,0.681159
5,74,Tracked_Weak,67,2.681159,0.321733,0.400000,0.007649,2.688809,2.600000,2.000000,0.688809
5,74,Tracked_Strong,69,4.157836,0.348164,0.000000,-0.033531,4.124305,4.000000,4.800000,0.675695
5,75,Tracked_Strong,70,4.124305,0.323831,0.400000,0.007283,4.131588,4.000000,4.800000,0.668412
5,75,Tracked_Weak,68,2.688809,0.326999,0.200000,-0.012321,2.676488,2.600000,2.000000,0.676488
5,76,Tracked_Weak,69,2.676488,0.315913,0.400000,0.008098,2.684586,2.600000,2.000000,0.684586
5,76,Tracked_Strong,71,4.131588,0.340673,0.200000,-0.013356,4.118232,4.000000,4.800000,0.681768
5,77,Tracked_Strong,72,4.118232,0.315102,0.000000,-0.029708,4.088524,4.000000,4.800000,0.711476
5,77,Tracked_Weak,70,2.684586,0.315102,0.000000,-0.030130,2.654457,2.600000,2.000000,0.654457
5,78,Tracked_Strong,73,4.088524,0.346871,0.400000,0.004975,4.093498,4.000000,4.800000,0.706502
5,78,Tracked_Weak,71,2.654457,0.346871,0.400000,0.005044,2.659501,2.600000,2.000000,0.659501
5,79,Tracked_Weak,72,2.659501,0.322278,0.200000,-0.011528,2.647972,2.600000,2.000000,0.647972
5,79,Tracked_Strong,74,4.093498,0.347830,0.600000,0.023451,4.116950,4.000000,4.800000,0.683050
5,80,Tracked_Strong,75,4.116950,0.336714,0.200000,-0.012629,4.104321,4.000000,4.800000,0.695679
5,80,Tracked_Weak,73,2.647972,0.336714,0.200000,-0.012801,2.635172,2.600000,2.000000,0.635172
5,81,Tracked_Strong,76,4.104321,0.314236,0.400000,0.007870,4.112191,4.000000,4.800000,0.687809
5,81,Tracked_Weak,74,2.635172,0.342766,0.200000,-0.013277,2.621895,2.600000,2.000000,0.621895
5,82,Tracked_Weak,75,2.621895,0.336976,0.800000,0.042772,2.664667,2.600000,2.000000,0.664667
5,82,Tracked_Strong,77,4.112191,0.335846,0.200000,-0.012385,4.099806,4.000000,4.800000,0.700194
5,83,Tracked_Strong,78,4.099806,0.344490,0.600000,0.023145,4.122951,4.000000,4.800000,0.677049
5,83,Tracked_Weak,76,2.664667,0.344490,0.600000,0.023447,2.688114,2.600000,2.000000,0.688114
5,84,Tracked_Strong,79,4.122951,0.319757,0.000000,-0.028780,4.094170,4.000000,4.800000,0.705830
5,84,Tracked_Weak,77,2.688114,0.319757,0.000000,-0.029152,2.658962,2.600000,2.000000,0.658962
5,85,Tracked_Weak,78,2.658962,0.314223,0.400000,0.007770,2.666732,2.600000,2.000000,0.666732
5,85,Tracked_Strong,80,4.094170,0.342558,0.400000,0.005138,4.099308,4.000000,4.800000,0.700692
5,86,Tracked_Strong,81,4.099308,0.313351,0.400000,0.007702,4.107010,4.000000,4.800000,0.692990
5,86,Tracked_Weak,79,2.666732,0.313351,0.400000,0.007799,2.674531,2.600000,2.000000,0.674531
5,87,Tracked_Strong,82,4.107010,0.338711,0.000000,-0.029924,4.077087,4.000000,4.800000,0.722913
5,88,Tracked_Weak,80,2.674531,0.340746,0.600000,0.023188,2.697720,2.600000,2.000000,0.697720
5,88,Tracked_Strong,83,4.077087,0.337117,0.400000,0.005522,4.082608,4.000000,4.800000,0.717392
5,89,Tracked_Strong,84,4.082608,0.335829,0.200000,-0.011856,4.070752,4.000000,4.800000,0.729248
5,89,Tracked_Weak,81,2.697720,0.335829,0.200000,-0.012074,2.685646,2.600000,2.000000,0.685646
5,90,Tracked_Strong,85,4.070752,0.327516,0.200000,-0.011065,4.059687,4.000000,4.800000,0.740313
5,91,Tracked_Weak,82,2.685646,0.317736,0.400000,0.007268,2.692913,2.600000,2.000000,0.692913
5,91,Tracked_Strong,86,4.059687,0.351462,0.200000,-0.013066,4.046621,4.000000,4.800000,0.753379
5,92,Tracked_Strong,87,4.046621,0.339365,0.800000,0.039508,4.086130,4.000000,4.800000,0.713870
5,93,Tracked_Weak,83,2.692913,0.317617,0.200000,-0.010328,2.682585,2.600000,2.000000,0.682585
5,93,Tracked_Strong,88,4.086130,0.351915,0.400000,0.004101,4.090230,4.000000,4.800000,0.709770
5,94,Tracked_Strong,89,4.090230,0.312476,0.800000,0.041342,4.131572,4.000000,4.800000,0.668428
5,94,Tracked_Weak,84,2.682585,0.312476,0.800000,0.042555,2.725140,2.600000,2.000000,0.725140
5,95,Tracked_Strong,90,4.131572,0.319127,0.000000,-0.026911,4.104661,4.000000,4.800000,0.695339
5,96,Tracked_Strong,91,4.104661,0.342187,0.200000,-0.011924,4.092737,4.000000,4.800000,0.707263
5,96,Tracked_Weak,85,2.725140,0.342187,0.200000,-0.012338,2.712802,2.600000,2.000000,0.712802
5,97,Tracked_Weak,86,2.712802,0.318408,0.600000,0.024292,2.737094,2.600000,2.000000,0.737094
5,97,Tracked_Strong,92,4.092737,0.340719,0.400000,0.004944,4.097681,4.000000,4.800000,0.702319
5,98,Tracked_Strong,93,4.097681,0.321181,0.600000,0.023130,4.120811,4.000000,4.800000,0.679189
5,98,Tracked_Weak,87,2.737094,0.321181,0.600000,0.023914,2.761008,2.600000,2.000000,0.761008
5,99,Tracked_Strong,94,4.120811,0.342992,0.200000,-0.011799,4.109012,4.000000,4.800000,0.690988
5,99,Tracked_Weak,88,2.761008,0.342992,0.200000,-0.012194,2.748813,2.600000,2.000000,0.748813
5,100,Tracked_Weak,89,2.748813,0.337462,0.000000,-0.028617,2.720197,2.600000,2.000000,0.720197
5,100,Tracked_Strong,95,4.109012,0.335804,0.600000,0.021685,4.130697,4.000000,4.800000,0.669303
20,0,Tracked_Strong,0,4.000000,,,0.000000,4.000000,4.000000,4.800000,0.800000
20,0,Tracked_Weak,0,2.600000,,,0.000000,2.600000,2.600000,2.000000,0.600000
20,1,Tracked_Strong,1,4.000000,0.321513,0.550000,0.182789,4.182789,4.000000,4.800000,0.617211
20,2,Tracked_Strong,2,4.182789,0.325631,0.350000,0.013785,4.196574,4.000000,4.800000,0.603426
20,2,Tracked_Weak,1,2.600000,0.325631,0.350000,0.019495,2.619495,2.600000,2.000000,0.619495
20,3,Tracked_Strong,3,4.196574,0.319995,0.350000,0.013859,4.210433,4.000000,4.800000,0.589567
20,4,Tracked_Strong,4,4.210433,0.342641,0.350000,0.002944,4.213377,4.000000,4.800000,0.586623
20,4,Tracked_Weak,2,2.619495,0.342641,0.350000,0.004163,2.623658,2.600000,2.000000,0.623658
20,5,Tracked_Weak,3,2.623658,0.325415,0.250000,-0.034833,2.588825,2.600000,2.000000,0.588825
20,5,Tracked_Strong,5,4.213377,0.349047,0.450000,0.036118,4.249495,4.000000,4.800000,0.550505
20,6,Tracked_Strong,6,4.249495,0.326544,0.500000,0.056650,4.306145,4.000000,4.800000,0.493855
20,6,Tracked_Weak,4,2.588825,0.347924,0.250000,-0.039170,2.549656,2.600000,2.000000,0.549656
20,7,Tracked_Weak,5,2.549656,0.332315,0.300000,-0.011561,2.538094,2.600000,2.000000,0.538094
20,7,Tracked_Strong,7,4.306145,0.333848,0.400000,0.020002,4.326148,4.000000,4.800000,0.473852
20,8,Tracked_Strong,8,4.326148,0.328411,0.250000,-0.022178,4.303970,4.000000,4.800000,0.496030
20,8,Tracked_Weak,6,2.538094,0.348425,0.450000,0.033174,2.571269,2.600000,2.000000,0.571269
20,9,Tracked_Weak,7,2.571269,0.330880,0.400000,0.020900,2.592169,2.600000,2.000000,0.592169
20,9,Tracked_Strong,9,4.303970,0.323522,0.350000,0.007061,4.311030,4.000000,4.800000,0.488970
20,10,Tracked_Weak,8,2.592169,0.334834,0.300000,-0.009852,2.582316,2.600000,2.000000,0.582316
20,10,Tracked_Strong,10,4.311030,0.334972,0.200000,-0.034146,4.276885,4.000000,4.800000,0.523115
20,11,Tracked_Weak,9,2.582316,0.332858,0.400000,0.017905,2.600221,2.600000,2.000000,0.600221
20,12,Tracked_Weak,10,2.600221,0.336603,0.450000,0.028687,2.628908,2.600000,2.000000,0.628908
20,12,Tracked_Strong,11,4.276885,0.330964,0.250000,-0.019529,4.257355,4.000000,4.800000,0.542645
20,13,Tracked_Weak,11,2.628908,0.320526,0.350000,0.007109,2.636018,2.600000,2.000000,0.636018
20,14,Tracked_Strong,12,4.257355,0.336871,0.250000,-0.020062,4.237294,4.000000,4.800000,0.562706
20,14,Tracked_Weak,12,2.636018,0.336871,0.250000,-0.020062,2.615956,2.600000,2.000000,0.615956
20,15,Tracked_Strong,13,4.237294,0.341449,0.450000,0.024085,4.261379,4.000000,4.800000,0.538621
20,16,Tracked_Strong,14,4.261379,0.328693,0.350000,0.004556,4.265935,4.000000,4.800000,0.534065
20,16,Tracked_Weak,13,2.615956,0.335978,0.450000,0.025299,2.641255,2.600000,2.000000,0.641255
20,17,Tracked_Strong,15,4.265935,0.338912,0.250000,-0.018366,4.247569,4.000000,4.800000,0.552431
20,17,Tracked_Weak,14,2.641255,0.338912,0.250000,-0.019010,2.622245,2.600000,2.000000,0.622245
20,18,Tracked_Weak,15,2.622245,0.321266,0.300000,-0.004393,2.617852,2.600000,2.000000,0.617852
20,18,Tracked_Strong,16,4.247569,0.345797,0.450000,0.020841,4.268409,4.000000,4.800000,0.531591
20,19,Tracked_Strong,17,4.268409,0.324161,0.400000,0.014715,4.283124,4.000000,4.800000,0.516876
20,19,Tracked_Weak,16,2.617852,0.324161,0.400000,0.015168,2.633020,2.600000,2.000000,0.633020
20,20,Tracked_Weak,17,2.633020,0.326154,0.400000,0.014328,2.647348,2.600000,2.000000,0.647348
20,20,Tracked_Strong,18,4.283124,0.338436,0.450000,0.021037,4.304161,4.000000,4.800000,0.495839
20,21,Tracked_Strong,19,4.304161,0.326297,0.300000,-0.004826,4.299335,4.000000,4.800000,0.500665
20,21,Tracked_Weak,18,2.647348,0.336957,0.500000,0.030744,2.678092,2.600000,2.000000,0.678092
20,22,Tracked_Strong,20,4.299335,0.332281,0.550000,0.038947,4.338281,4.000000,4.800000,0.461719
20,22,Tracked_Weak,19,2.678092,0.332281,0.550000,0.039958,2.718050,2.600000,2.000000,0.718050
20,23,Tracked_Strong,21,4.338281,0.324167,0.400000,0.013239,4.351520,4.000000,4.800000,0.448480
20,23,Tracked_Weak,20,2.718050,0.324167,0.400000,0.013565,2.731615,2.600000,2.000000,0.731615
20,24,Tracked_Weak,21,2.731615,0.326374,0.250000,-0.013333,2.718283,2.600000,2.000000,0.718283
20,24,Tracked_Strong,22,4.351520,0.351294,0.300000,-0.008749,4.342771,4.000000,4.800000,0.457229
20,25,Tracked_Weak,22,2.718283,0.327214,0.300000,-0.004642,2.713641,2.600000,2.000000,0.713641
20,25,Tracked_Strong,23,4.342771,0.348062,0.300000,-0.008017,4.334754,4.000000,4.800000,0.465246
20,26,Tracked_Weak,23,2.713641,0.331176,0.300000,-0.005200,2.708441,2.600000,2.000000,0.708441
20,26,Tracked_Strong,24,4.334754,0.337138,0.400000,0.010265,4.345019,4.000000,4.800000,0.454981
20,27,Tracked_Strong,25,4.345019,0.340539,0.100000,-0.038486,4.306533,4.000000,4.800000,0.493467
20,27,Tracked_Weak,24,2.708441,0.340539,0.100000,-0.039280,2.669161,2.600000,2.000000,0.669161
20,28,Tracked_Strong,26,4.306533,0.334291,0.300000,-0.005380,4.301153,4.000000,4.800000,0.498847
20,28,Tracked_Weak,25,2.669161,0.345363,0.350000,0.000742,2.669903,2.600000,2.000000,0.669903
20,29,Tracked_Strong,27,4.301153,0.324687,0.200000,-0.019197,4.281956,4.000000,4.800000,0.518044
20,29,Tracked_Weak,26,2.669903,0.348236,0.300000,-0.007568,2.662335,2.600000,2.000000,0.662335
20,30,Tracked_Strong,28,4.281956,0.323969,0.400000,0.011495,4.293451,4.000000,4.800000,0.506549
20,30,Tracked_Weak,27,2.662335,0.349829,0.400000,0.007724,2.670059,2.600000,2.000000,0.670059
20,31,Tracked_Strong,29,4.293451,0.336231,0.250000,-0.012810,4.280641,4.000000,4.800000,0.519359
20,31,Tracked_Weak,28,2.670059,0.336231,0.250000,-0.013037,2.657022,2.600000,2.000000,0.657022
20,32,Tracked_Strong,30,4.280641,0.338290,0.250000,-0.012896,4.267745,4.000000,4.800000,0.532255
20,33,Tracked_Weak,29,2.657022,0.320606,0.350000,0.004367,2.661389,2.600000,2.000000,0.661389
20,33,Tracked_Strong,31,4.267745,0.342522,0.300000,-0.006110,4.261635,4.000000,4.800000,0.538365
20,34,Tracked_Strong,32,4.261635,0.330491,0.300000,-0.004312,4.257323,4.000000,4.800000,0.542677
20,34,Tracked_Weak,30,2.661389,0.344384,0.350000,0.000820,2.662209,2.600000,2.000000,0.662209
20,35,Tracked_Strong,33,4.257323,0.338637,0.500000,0.022472,4.279795,4.000000,4.800000,0.520205
20,35,Tracked_Weak,31,2.662209,0.338637,0.500000,0.023185,2.685394,2.600000,2.000000,0.685394
20,36,Tracked_Strong,34,4.279795,0.345315,0.250000,-0.013077,4.266718,4.000000,4.800000,0.533282
20,36,Tracked_Weak,32,2.685394,0.345315,0.250000,-0.013480,2.671915,2.600000,2.000000,0.671915
20,37,Tracked_Strong,35,4.266718,0.326933,0.350000,0.003119,4.269837,4.000000,4.800000,0.530163
20,37,Tracked_Weak,33,2.671915,0.326933,0.350000,0.003212,2.675127,2.600000,2.000000,0.675127
20,38,Tracked_Strong,36,4.269837,0.320386,0.350000,0.003949,4.273786,4.000000,4.800000,0.526214
20,38,Tracked_Weak,34,2.675127,0.342197,0.350000,0.001071,2.676198,2.600000,2.000000,0.676198
20,39,Tracked_Strong,37,4.273786,0.340017,0.350000,0.001313,4.275099,4.000000,4.800000,0.524901
20,39,Tracked_Weak,35,2.676198,0.339386,0.400000,0.008197,2.684394,2.600000,2.000000,0.684394
20,40,Tracked_Strong,38,4.275099,0.335879,0.350000,0.001833,4.276931,4.000000,4.800000,0.523069
20,41,Tracked_Strong,39,4.276931,0.325046,0.300000,-0.003208,4.273723,4.000000,4.800000,0.526277
20,42,Tracked_Strong,40,4.273723,0.331393,0.500000,0.021327,4.295050,4.000000,4.800000,0.504950
20,42,Tracked_Weak,36,2.684394,0.346376,0.200000,-0.019517,2.664878,2.600000,2.000000,0.664878
20,43,Tracked_Strong,41,4.295050,0.319091,0.450000,0.016356,4.311406,4.000000,4.800000,0.488594
20,43,Tracked_Weak,37,2.664878,0.340486,0.150000,-0.025053,2.639825,2.600000,2.000000,0.639825
20,44,Tracked_Strong,42,4.311406,0.337013,0.250000,-0.010741,4.300664,4.000000,4.800000,0.499336
20,44,Tracked_Weak,38,2.639825,0.337013,0.250000,-0.011292,2.628533,2.600000,2.000000,0.628533
20,45,Tracked_Weak,39,2.628533,0.338030,0.300000,-0.004872,2.623661,2.600000,2.000000,0.623661
20,45,Tracked_Strong,43,4.300664,0.330057,0.500000,0.020733,4.321397,4.000000,4.800000,0.478603
20,46,Tracked_Strong,44,4.321397,0.337944,0.250000,-0.010606,4.310791,4.000000,4.800000,0.489209
20,46,Tracked_Weak,40,2.623661,0.337944,0.250000,-0.011124,2.612537,2.600000,2.000000,0.612537
20,47,Tracked_Strong,45,4.310791,0.334820,0.150000,-0.022041,4.288750,4.000000,4.800000,0.511250
20,47,Tracked_Weak,41,2.612537,0.337492,0.400000,0.007810,2.620347,2.600000,2.000000,0.620347
20,48,Tracked_Strong,46,4.288750,0.345052,0.150000,-0.023007,4.265743,4.000000,4.800000,0.534257
20,48,Tracked_Weak,42,2.620347,0.345052,0.150000,-0.024078,2.596269,2.600000,2.000000,0.596269
20,49,Tracked_Weak,43,2.596269,0.337658,0.650000,0.038105,2.634374,2.600000,2.000000,0.634374
20,49,Tracked_Strong,47,4.265743,0.332028,0.200000,-0.015407,4.250336,4.000000,4.800000,0.549664
20,50,Tracked_Weak,44,2.634374,0.348476,0.500000,0.018274,2.652649,2.600000,2.000000,0.652649
20,51,Tracked_Strong,48,4.250336,0.336925,0.350000,0.001510,4.251846,4.000000,4.800000,0.548154
20,52,Tracked_Strong,49,4.251846,0.330999,0.400000,0.007886,4.259732,4.000000,4.800000,0.540268
20,52,Tracked_Weak,45,2.652649,0.337972,0.100000,-0.028380,2.624269,2.600000,2.000000,0.624269
20,53,Tracked_Strong,50,4.259732,0.325471,0.300000,-0.002882,4.256850,4.000000,4.800000,0.543150
20,53,Tracked_Weak,46,2.624269,0.347517,0.250000,-0.011502,2.612766,2.600000,2.000000,0.612766
20,54,Tracked_Strong,51,4.256850,0.342901,0.350000,0.000795,4.257645,4.000000,4.800000,0.542355
20,54,Tracked_Weak,47,2.612766,0.342901,0.350000,0.000828,2.613595,2.600000,2.000000,0.613595
20,55,Tracked_Strong,52,4.257645,0.319067,0.500000,0.020073,4.277718,4.000000,4.800000,0.522282
20,55,Tracked_Weak,48,2.613595,0.340518,0.350000,0.001095,2.614690,2.600000,2.000000,0.614690
20,56,Tracked_Strong,53,4.277718,0.347972,0.550000,0.022201,4.299919,4.000000,4.800000,0.500081
20,56,Tracked_Weak,49,2.614690,0.347972,0.550000,0.023089,2.637779,2.600000,2.000000,0.637779
20,57,Tracked_Strong,54,4.299919,0.337316,0.300000,-0.004062,4.295856,4.000000,4.800000,0.504144
20,57,Tracked_Weak,50,2.637779,0.337316,0.300000,-0.004222,2.633557,2.600000,2.000000,0.633557
20,58,Tracked_Weak,51,2.633557,0.319817,0.200000,-0.013422,2.620135,2.600000,2.000000,0.620135
20,58,Tracked_Strong,55,4.295856,0.341103,0.450000,0.011747,4.307603,4.000000,4.800000,0.492397
20,59,Tracked_Strong,56,4.307603,0.323175,0.550000,0.024249,4.331852,4.000000,4.800000,0.468148
20,59,Tracked_Weak,52,2.620135,0.350722,0.100000,-0.027815,2.592319,2.600000,2.000000,0.592319
20,60,Tracked_Strong,57,4.331852,0.324963,0.200000,-0.013241,4.318610,4.000000,4.800000,0.481390
20,60,Tracked_Weak,53,2.592319,0.347630,0.450000,0.011249,2.603569,2.600000,2.000000,0.603569
20,61,Tracked_Weak,54,2.603569,0.319541,0.250000,-0.007571,2.595998,2.600000,2.000000,0.595998
20,61,Tracked_Strong,58,4.318610,0.342763,0.400000,0.006012,4.324623,4.000000,4.800000,0.475377
20,62,Tracked_Strong,59,4.324623,0.346704,0.450000,0.010758,4.335381,4.000000,4.800000,0.464619
20,62,Tracked_Weak,55,2.595998,0.346704,0.450000,0.011143,2.607141,2.600000,2.000000,0.607141
20,63,Tracked_Weak,56,2.607141,0.335453,0.200000,-0.014481,2.592660,2.600000,2.000000,0.592660
20,63,Tracked_Strong,60,4.335381,0.335263,0.350000,0.001522,4.336903,4.000000,4.800000,0.463097
20,64,Tracked_Strong,61,4.336903,0.337282,0.450000,0.011546,4.348449,4.000000,4.800000,0.451551
20,64,Tracked_Weak,57,2.592660,0.340836,0.350000,0.000971,2.593631,2.600000,2.000000,0.593631
20,65,Tracked_Weak,58,2.593631,0.335791,0.350000,0.001493,2.595124,2.600000,2.000000,0.595124
20,65,Tracked_Strong,62,4.348449,0.330245,0.300000,-0.003073,4.345376,4.000000,4.800000,0.454624
20,66,Tracked_Weak,59,2.595124,0.331969,0.250000,-0.008537,2.586587,2.600000,2.000000,0.586587
20,67,Tracked_Weak,60,2.586587,0.341523,0.200000,-0.014616,2.571970,2.600000,2.000000,0.571970
20,68,Tracked_Strong,63,4.345376,0.320711,0.400000,0.007992,4.353367,4.000000,4.800000,0.446633
20,68,Tracked_Weak,61,2.571970,0.343977,0.400000,0.005738,2.577709,2.600000,2.000000,0.577709
20,69,Tracked_Strong,64,4.353367,0.326643,0.250000,-0.007664,4.345703,4.000000,4.800000,0.454297
20,69,Tracked_Weak,62,2.577709,0.335707,0.400000,0.006532,2.584241,2.600000,2.000000,0.584241
20,70,Tracked_Strong,65,4.345703,0.335883,0.350000,0.001401,4.347104,4.000000,4.800000,0.452896
20,70,Tracked_Weak,63,2.584241,0.336210,0.400000,0.006429,2.590670,2.600000,2.000000,0.590670
20,71,Tracked_Strong,66,4.347104,0.323067,0.350000,0.002652,4.349756,4.000000,4.800000,0.450244
20,71,Tracked_Weak,64,2.590670,0.323067,0.350000,0.002693,2.593364,2.600000,2.000000,0.593364
20,72,Tracked_Strong,67,4.349756,0.346996,0.200000,-0.014367,4.335389,4.000000,4.800000,0.464611
20,72,Tracked_Weak,65,2.593364,0.346996,0.200000,-0.014586,2.578777,2.600000,2.000000,0.578777
20,73,Tracked_Strong,68,4.335389,0.331327,0.150000,-0.017591,4.317798,4.000000,4.800000,0.482202
20,73,Tracked_Weak,66,2.578777,0.345011,0.350000,0.000491,2.579269,2.600000,2.000000,0.579269
20,74,Tracked_Strong,69,4.317798,0.325911,0.500000,0.016766,4.334564,4.000000,4.800000,0.465436
20,74,Tracked_Weak,67,2.579269,0.343991,0.250000,-0.009186,2.570082,2.600000,2.000000,0.570082
20,75,Tracked_Strong,70,4.334564,0.347694,0.250000,-0.009341,4.325223,4.000000,4.800000,0.474777
20,75,Tracked_Weak,68,2.570082,0.347694,0.250000,-0.009478,2.560605,2.600000,2.000000,0.560605
20,76,Tracked_Strong,71,4.325223,0.319434,0.250000,-0.006592,4.318631,4.000000,4.800000,0.481369
20,76,Tracked_Weak,69,2.560605,0.340978,0.400000,0.005684,2.566289,2.600000,2.000000,0.566289
20,77,Tracked_Strong,72,4.318631,0.340227,0.500000,0.015064,4.333694,4.000000,4.800000,0.466306
20,77,Tracked_Weak,70,2.566289,0.340227,0.500000,0.015277,2.581566,2.600000,2.000000,0.581566
20,78,Tracked_Strong,73,4.333694,0.324560,0.250000,-0.006981,4.326713,4.000000,4.800000,0.473287
20,78,Tracked_Weak,71,2.581566,0.344758,0.350000,0.000498,2.582064,2.600000,2.000000,0.582064
20,79,Tracked_Strong,74,4.326713,0.328361,0.300000,-0.002638,4.324076,4.000000,4.800000,0.475924
20,79,Tracked_Weak,72,2.582064,0.345571,0.350000,0.000418,2.582482,2.600000,2.000000,0.582482
20,80,Tracked_Weak,73,2.582482,0.334013,0.300000,-0.003185,2.579297,2.600000,2.000000,0.579297
20,80,Tracked_Strong,75,4.324076,0.336998,0.300000,-0.003418,4.320658,4.000000,4.800000,0.479342
20,81,Tracked_Strong,76,4.320658,0.317135,0.400000,0.007604,4.328262,4.000000,4.800000,0.471738
20,81,Tracked_Weak,74,2.579297,0.339460,0.300000,-0.003670,2.575627,2.600000,2.000000,0.575627
20,82,Tracked_Strong,77,4.328262,0.330923,0.400000,0.006298,4.334560,4.000000,4.800000,0.465440
20,82,Tracked_Weak,75,2.575627,0.335173,0.200000,-0.012487,2.563140,2.600000,2.000000,0.563140
20,83,Tracked_Strong,78,4.334560,0.322970,0.250000,-0.006610,4.327950,4.000000,4.800000,0.472050
20,83,Tracked_Weak,76,2.563140,0.337799,0.400000,0.005708,2.568848,2.600000,2.000000,0.568848
20,84,Tracked_Weak,77,2.568848,0.326423,0.200000,-0.011526,2.557322,2.600000,2.000000,0.557322
20,84,Tracked_Strong,79,4.327950,0.355099,0.350000,-0.000459,4.327491,4.000000,4.800000,0.472509
20,85,Tracked_Strong,80,4.327491,0.323219,0.300000,-0.002077,4.325414,4.000000,4.800000,0.474586
20,85,Tracked_Weak,78,2.557322,0.338568,0.450000,0.010094,2.567416,2.600000,2.000000,0.567416
20,86,Tracked_Weak,79,2.567416,0.320892,0.300000,-0.001880,2.565536,2.600000,2.000000,0.565536
20,86,Tracked_Strong,81,4.325414,0.337827,0.400000,0.005527,4.330941,4.000000,4.800000,0.469059
20,87,Tracked_Strong,82,4.330941,0.340233,0.400000,0.005280,4.336221,4.000000,4.800000,0.463779
20,88,Tracked_Strong,83,4.336221,0.336660,0.550000,0.018734,4.354955,4.000000,4.800000,0.445045
20,88,Tracked_Weak,80,2.565536,0.336660,0.550000,0.019082,2.584617,2.600000,2.000000,0.584617
20,89,Tracked_Weak,81,2.584617,0.333718,0.300000,-0.002997,2.581620,2.600000,2.000000,0.581620
20,89,Tracked_Strong,84,4.354955,0.336953,0.300000,-0.003226,4.351729,4.000000,4.800000,0.448271
20,90,Tracked_Strong,85,4.351729,0.330758,0.350000,0.001670,4.353399,4.000000,4.800000,0.446601
20,91,Tracked_Strong,86,4.353399,0.327115,0.300000,-0.002339,4.351060,4.000000,4.800000,0.448940
20,91,Tracked_Weak,82,2.581620,0.345930,0.450000,0.009194,2.590814,2.600000,2.000000,0.590814
20,92,Tracked_Strong,87,4.351060,0.326825,0.400000,0.006276,4.357336,4.000000,4.800000,0.442664
20,93,Tracked_Strong,88,4.357336,0.323804,0.350000,0.002234,4.359570,4.000000,4.800000,0.440430
20,93,Tracked_Weak,83,2.590814,0.323804,0.350000,0.002300,2.593115,2.600000,2.000000,0.593115
20,94,Tracked_Strong,89,4.359570,0.327690,0.450000,0.010372,4.369942,4.000000,4.800000,0.430058
20,94,Tracked_Weak,84,2.593115,0.327690,0.450000,0.010676,2.603791,2.600000,2.000000,0.603791
20,95,Tracked_Strong,90,4.369942,0.328838,0.600000,0.022866,4.392808,4.000000,4.800000,0.407192
20,96,Tracked_Weak,85,2.603791,0.320188,0.300000,-0.001752,2.602039,2.600000,2.000000,0.602039
20,96,Tracked_Strong,91,4.392808,0.340909,0.450000,0.009149,4.401957,4.000000,4.800000,0.398043
20,97,Tracked_Weak,86,2.602039,0.339651,0.350000,0.000893,2.602932,2.600000,2.000000,0.602932
20,97,Tracked_Strong,92,4.401957,0.342841,0.300000,-0.003573,4.398383,4.000000,4.800000,0.401617
20,98,Tracked_Weak,87,2.602932,0.340585,0.250000,-0.007769,2.595162,2.600000,2.000000,0.595162
20,98,Tracked_Strong,93,4.398383,0.339222,0.300000,-0.003254,4.395130,4.000000,4.800000,0.404870
20,99,Tracked_Weak,88,2.595162,0.332663,0.200000,-0.011314,2.583849,2.600000,2.000000,0.583849
20,99,Tracked_Strong,94,4.395130,0.344413,0.400000,0.004587,4.399716,4.000000,4.800000,0.400284
20,100,Tracked_Weak,89,2.583849,0.334719,0.200000,-0.011424,2.572425,2.600000,2.000000,0.572425
20,100,Tracked_Strong,95,4.399716,0.333721,0.600000,0.021856,4.421572,4.000000,4.800000,0.378428
50,0,Tracked_Strong,0,4.000000,,,0.000000,4.000000,4.000000,4.800000,0.800000
50,0,Tracked_Weak,0,2.600000,,,0.000000,2.600000,2.600000,2.000000,0.600000
50,1,Tracked_Strong,1,4.000000,0.321513,0.260000,-0.049211,3.950789,4.000000,4.800000,0.849211
50,2,Tracked_Strong,2,3.950789,0.320749,0.320000,-0.000424,3.950366,4.000000,4.800000,0.849634
50,2,Tracked_Weak,1,2.600000,0.348246,0.400000,0.041403,2.641403,2.600000,2.000000,0.641403
50,3,Tracked_Strong,3,3.950366,0.317329,0.400000,0.038184,3.988549,4.000000,4.800000,0.811451
50,4,Tracked_Strong,4,3.988549,0.319182,0.400000,0.032327,4.020877,4.000000,4.800000,0.779123
50,4,Tracked_Weak,2,2.641403,0.341354,0.240000,-0.057334,2.584069,2.600000,2.000000,0.584069
50,5,Tracked_Strong,5,4.020877,0.334779,0.300000,-0.012443,4.008434,4.000000,4.800000,0.791566
50,5,Tracked_Weak,3,2.584069,0.334779,0.300000,-0.016064,2.568005,2.600000,2.000000,0.568005
50,6,Tracked_Weak,4,2.568005,0.321568,0.200000,-0.048627,2.519378,2.600000,2.000000,0.519378
50,6,Tracked_Strong,6,4.008434,0.329788,0.460000,0.042527,4.050961,4.000000,4.800000,0.749039
50,7,Tracked_Strong,7,4.050961,0.334390,0.260000,-0.022494,4.028467,4.000000,4.800000,0.771533
50,7,Tracked_Weak,5,2.519378,0.334390,0.260000,-0.026615,2.492763,2.600000,2.000000,0.492763
50,8,Tracked_Strong,8,4.028467,0.329979,0.300000,-0.008479,4.019988,4.000000,4.800000,0.780012
50,8,Tracked_Weak,6,2.492763,0.350764,0.460000,0.035676,2.528439,2.600000,2.000000,0.528439
50,9,Tracked_Weak,7,2.528439,0.331252,0.280000,-0.015497,2.512942,2.600000,2.000000,0.512942
50,9,Tracked_Strong,9,4.019988,0.346949,0.340000,-0.001853,4.018135,4.000000,4.800000,0.781865
50,10,Tracked_Strong,10,4.018135,0.337990,0.400000,0.015687,4.033822,4.000000,4.800000,0.766178
50,10,Tracked_Weak,8,2.512942,0.337990,0.400000,0.017539,2.530481,2.600000,2.000000,0.530481
50,11,Tracked_Weak,9,2.530481,0.334825,0.160000,-0.046620,2.483861,2.600000,2.000000,0.483861
50,12,Tracked_Strong,11,4.033822,0.335798,0.300000,-0.008635,4.025188,4.000000,4.800000,0.774812
50,12,Tracked_Weak,10,2.483861,0.335798,0.300000,-0.009056,2.474805,2.600000,2.000000,0.474805
50,13,Tracked_Weak,11,2.474805,0.316215,0.280000,-0.008735,2.466070,2.600000,2.000000,0.466070
50,14,Tracked_Weak,12,2.466070,0.334465,0.360000,0.005897,2.471967,2.600000,2.000000,0.471967
50,14,Tracked_Strong,12,4.025188,0.322627,0.240000,-0.019082,4.006106,4.000000,4.800000,0.793894
50,15,Tracked_Strong,13,4.006106,0.321039,0.320000,-0.000231,4.005875,4.000000,4.800000,0.794125
50,16,Tracked_Strong,14,4.005875,0.332837,0.300000,-0.007021,3.998854,4.000000,4.800000,0.801146
50,16,Tracked_Weak,13,2.471967,0.332837,0.300000,-0.007286,2.464681,2.600000,2.000000,0.464681
50,17,Tracked_Strong,15,3.998854,0.324559,0.360000,0.007321,4.006175,4.000000,4.800000,0.793825
50,17,Tracked_Weak,14,2.464681,0.324559,0.360000,0.007578,2.472259,2.600000,2.000000,0.472259
50,18,Tracked_Strong,16,4.006175,0.339814,0.320000,-0.003963,4.002212,4.000000,4.800000,0.797788
50,18,Tracked_Weak,15,2.472259,0.339699,0.420000,0.016587,2.488845,2.600000,2.000000,0.488845
50,19,Tracked_Strong,17,4.002212,0.331152,0.380000,0.009478,4.011690,4.000000,4.800000,0.788310
50,19,Tracked_Weak,16,2.488845,0.347387,0.320000,-0.005477,2.483368,2.600000,2.000000,0.483368
50,20,Tracked_Strong,18,4.011690,0.325797,0.360000,0.006449,4.018139,4.000000,4.800000,0.781861
50,20,Tracked_Weak,17,2.483368,0.325797,0.360000,0.006636,2.490004,2.600000,2.000000,0.490004
50,21,Tracked_Strong,19,4.018139,0.337281,0.320000,-0.003172,4.014968,4.000000,4.800000,0.785032
50,21,Tracked_Weak,18,2.490004,0.337281,0.320000,-0.003259,2.486746,2.600000,2.000000,0.486746
50,22,Tracked_Strong,20,4.014968,0.331027,0.300000,-0.005550,4.009418,4.000000,4.800000,0.790582
50,22,Tracked_Weak,19,2.486746,0.331027,0.300000,-0.005694,2.481051,2.600000,2.000000,0.481051
50,23,Tracked_Strong,21,4.009418,0.332133,0.300000,-0.005610,4.003808,4.000000,4.800000,0.796192
50,23,Tracked_Weak,20,2.481051,0.346297,0.340000,-0.001126,2.479925,2.600000,2.000000,0.479925
50,24,Tracked_Strong,22,4.003808,0.331039,0.360000,0.004940,4.008747,4.000000,4.800000,0.791253
50,24,Tracked_Weak,21,2.479925,0.349980,0.280000,-0.012217,2.467708,2.600000,2.000000,0.467708
50,25,Tracked_Strong,23,4.008747,0.347062,0.360000,0.002158,4.010906,4.000000,4.800000,0.789094
50,25,Tracked_Weak,22,2.467708,0.347062,0.360000,0.002207,2.469915,2.600000,2.000000,0.469915
50,26,Tracked_Strong,24,4.010906,0.326620,0.340000,0.002185,4.013091,4.000000,4.800000,0.786909
50,26,Tracked_Weak,23,2.469915,0.336872,0.260000,-0.012823,2.457092,2.600000,2.000000,0.457092
50,27,Tracked_Strong,25,4.013091,0.324452,0.380000,0.008888,4.021978,4.000000,4.800000,0.778022
50,27,Tracked_Weak,24,2.457092,0.337068,0.260000,-0.012585,2.444507,2.600000,2.000000,0.444507
50,28,Tracked_Strong,26,4.021978,0.314242,0.340000,0.004041,4.026019,4.000000,4.800000,0.773981
50,28,Tracked_Weak,25,2.444507,0.341721,0.400000,0.009325,2.453831,2.600000,2.000000,0.453831
50,29,Tracked_Strong,27,4.026019,0.322945,0.300000,-0.003533,4.022487,4.000000,4.800000,0.777513
50,29,Tracked_Weak,26,2.453831,0.346737,0.380000,0.005219,2.459050,2.600000,2.000000,0.459050
50,30,Tracked_Weak,27,2.459050,0.329685,0.240000,-0.013808,2.445242,2.600000,2.000000,0.445242
50,30,Tracked_Strong,28,4.022487,0.350839,0.400000,0.007432,4.029919,4.000000,4.800000,0.770081
50,31,Tracked_Strong,29,4.029919,0.339289,0.420000,0.011990,4.041909,4.000000,4.800000,0.758091
50,31,Tracked_Weak,28,2.445242,0.339289,0.420000,0.012202,2.457444,2.600000,2.000000,0.457444
50,32,Tracked_Strong,30,4.041909,0.323700,0.380000,0.008223,4.050132,4.000000,4.800000,0.749868
50,33,Tracked_Strong,31,4.050132,0.341712,0.360000,0.002628,4.052760,4.000000,4.800000,0.747240
50,33,Tracked_Weak,29,2.457444,0.342059,0.380000,0.005636,2.463081,2.600000,2.000000,0.463081
50,34,Tracked_Strong,32,4.052760,0.328005,0.320000,-0.001132,4.051628,4.000000,4.800000,0.748372
50,34,Tracked_Weak,30,2.463081,0.328426,0.380000,0.007533,2.470614,2.600000,2.000000,0.470614
50,35,Tracked_Weak,31,2.470614,0.335629,0.260000,-0.010867,2.459747,2.600000,2.000000,0.459747
50,35,Tracked_Strong,33,4.051628,0.326729,0.400000,0.010204,4.061832,4.000000,4.800000,0.738168
50,36,Tracked_Strong,34,4.061832,0.312947,0.240000,-0.010008,4.051824,4.000000,4.800000,0.748176
50,36,Tracked_Weak,32,2.459747,0.342487,0.420000,0.010962,2.470709,2.600000,2.000000,0.470709
50,37,Tracked_Strong,35,4.051824,0.328200,0.300000,-0.003813,4.048010,4.000000,4.800000,0.751990
50,37,Tracked_Weak,33,2.470709,0.328200,0.300000,-0.003927,2.466782,2.600000,2.000000,0.466782
50,38,Tracked_Strong,36,4.048010,0.316118,0.360000,0.005851,4.053861,4.000000,4.800000,0.746139
50,38,Tracked_Weak,34,2.466782,0.341696,0.280000,-0.008465,2.458317,2.600000,2.000000,0.458317
50,39,Tracked_Weak,35,2.458317,0.336693,0.300000,-0.004962,2.453355,2.600000,2.000000,0.453355
50,39,Tracked_Strong,37,4.053861,0.338741,0.380000,0.005426,4.059288,4.000000,4.800000,0.740712
50,40,Tracked_Strong,38,4.059288,0.340219,0.360000,0.002567,4.061855,4.000000,4.800000,0.738145
50,41,Tracked_Strong,39,4.061855,0.319428,0.300000,-0.002489,4.059366,4.000000,4.800000,0.740634
50,42,Tracked_Strong,40,4.059366,0.330511,0.380000,0.006260,4.065626,4.000000,4.800000,0.734374
50,42,Tracked_Weak,36,2.453355,0.330511,0.380000,0.006599,2.459954,2.600000,2.000000,0.459954
50,43,Tracked_Weak,37,2.459954,0.341166,0.200000,-0.018566,2.441388,2.600000,2.000000,0.441388
50,43,Tracked_Strong,41,4.065626,0.342690,0.380000,0.004662,4.070287,4.000000,4.800000,0.729713
50,44,Tracked_Weak,38,2.441388,0.337115,0.320000,-0.002221,2.439167,2.600000,2.000000,0.439167
50,44,Tracked_Strong,42,4.070287,0.324526,0.340000,0.001910,4.072197,4.000000,4.800000,0.727803
50,45,Tracked_Strong,43,4.072197,0.335908,0.340000,0.000499,4.072697,4.000000,4.800000,0.727303
50,45,Tracked_Weak,39,2.439167,0.335825,0.380000,0.005659,2.444826,2.600000,2.000000,0.444826
50,46,Tracked_Weak,40,2.444826,0.336562,0.340000,0.000435,2.445260,2.600000,2.000000,0.445260
50,46,Tracked_Strong,44,4.072697,0.336605,0.340000,0.000409,4.073106,4.000000,4.800000,0.726894
50,47,Tracked_Strong,45,4.073106,0.324874,0.420000,0.011344,4.084451,4.000000,4.800000,0.715549
50,47,Tracked_Weak,41,2.445260,0.337208,0.260000,-0.009646,2.435614,2.600000,2.000000,0.435614
50,48,Tracked_Strong,46,4.084451,0.342928,0.240000,-0.012141,4.072310,4.000000,4.800000,0.727690
50,48,Tracked_Weak,42,2.435614,0.342928,0.240000,-0.012706,2.422908,2.600000,2.000000,0.422908
50,49,Tracked_Weak,43,2.422908,0.336266,0.420000,0.010215,2.433124,2.600000,2.000000,0.433124
50,49,Tracked_Strong,47,4.072310,0.327717,0.340000,0.001433,4.073743,4.000000,4.800000,0.726257
50,50,Tracked_Weak,44,2.433124,0.323399,0.260000,-0.007646,2.425478,2.600000,2.000000,0.425478
50,51,Tracked_Strong,48,4.073743,0.338006,0.340000,0.000230,4.073974,4.000000,4.800000,0.726026
50,52,Tracked_Strong,49,4.073974,0.334063,0.360000,0.002964,4.076938,4.000000,4.800000,0.723062
50,52,Tracked_Weak,45,2.425478,0.334063,0.360000,0.003093,2.428571,2.600000,2.000000,0.428571
50,53,Tracked_Strong,50,4.076938,0.348343,0.360000,0.001319,4.078257,4.000000,4.800000,0.721743
50,53,Tracked_Weak,46,2.428571,0.348343,0.360000,0.001375,2.429946,2.600000,2.000000,0.429946
50,54,Tracked_Strong,51,4.078257,0.342127,0.360000,0.002002,4.080259,4.000000,4.800000,0.719741
50,54,Tracked_Weak,47,2.429946,0.342127,0.360000,0.002086,2.432031,2.600000,2.000000,0.432031
50,55,Tracked_Strong,52,4.080259,0.338106,0.380000,0.004648,4.084907,4.000000,4.800000,0.715093
50,55,Tracked_Weak,48,2.432031,0.338106,0.380000,0.004838,2.436869,2.600000,2.000000,0.436869
50,56,Tracked_Strong,53,4.084907,0.330184,0.200000,-0.014306,4.070601,4.000000,4.800000,0.729399
50,56,Tracked_Weak,49,2.436869,0.330184,0.200000,-0.014878,2.421991,2.600000,2.000000,0.421991
50,57,Tracked_Strong,54,4.070601,0.335945,0.240000,-0.010445,4.060156,4.000000,4.800000,0.739844
50,57,Tracked_Weak,50,2.421991,0.335945,0.240000,-0.010855,2.411136,2.600000,2.000000,0.411136
50,58,Tracked_Strong,55,4.060156,0.342215,0.400000,0.006233,4.066389,4.000000,4.800000,0.733611
50,58,Tracked_Weak,51,2.411136,0.342215,0.400000,0.006473,2.417609,2.600000,2.000000,0.417609
50,59,Tracked_Weak,52,2.417609,0.327401,0.440000,0.012492,2.430101,2.600000,2.000000,0.430101
50,59,Tracked_Strong,56,4.066389,0.348754,0.280000,-0.007350,4.059039,4.000000,4.800000,0.740961
50,60,Tracked_Weak,53,2.430101,0.331321,0.160000,-0.018826,2.411275,2.600000,2.000000,0.411275
50,60,Tracked_Strong,57,4.059039,0.347051,0.440000,0.009849,4.068888,4.000000,4.800000,0.731112
50,61,Tracked_Strong,58,4.068888,0.316020,0.400000,0.008822,4.077710,4.000000,4.800000,0.722290
50,61,Tracked_Weak,54,2.411275,0.316020,0.400000,0.009143,2.420417,2.600000,2.000000,0.420417
50,62,Tracked_Strong,59,4.077710,0.319814,0.420000,0.010434,4.088144,4.000000,4.800000,0.711856
50,62,Tracked_Weak,55,2.420417,0.329690,0.220000,-0.011833,2.408585,2.600000,2.000000,0.408585
50,63,Tracked_Strong,60,4.088144,0.335545,0.340000,0.000460,4.088605,4.000000,4.800000,0.711395
50,63,Tracked_Weak,56,2.408585,0.335545,0.340000,0.000476,2.409061,2.600000,2.000000,0.409061
50,64,Tracked_Weak,57,2.409061,0.340941,0.380000,0.004139,2.413200,2.600000,2.000000,0.413200
50,64,Tracked_Strong,61,4.088605,0.340913,0.340000,-0.000093,4.088511,4.000000,4.800000,0.711489
50,65,Tracked_Weak,58,2.413200,0.334717,0.380000,0.004757,2.417957,2.600000,2.000000,0.417957
50,65,Tracked_Strong,62,4.088511,0.330257,0.280000,-0.005106,4.083405,4.000000,4.800000,0.716595
50,66,Tracked_Weak,59,2.417957,0.330639,0.320000,-0.001108,2.416849,2.600000,2.000000,0.416849
50,67,Tracked_Weak,60,2.416849,0.343272,0.260000,-0.008600,2.408248,2.600000,2.000000,0.408248
50,68,Tracked_Weak,61,2.408248,0.320746,0.360000,0.004021,2.412269,2.600000,2.000000,0.412269
50,68,Tracked_Strong,63,4.083405,0.339740,0.380000,0.004058,4.087463,4.000000,4.800000,0.712537
50,69,Tracked_Weak,62,2.412269,0.335817,0.300000,-0.003639,2.408630,2.600000,2.000000,0.408630
50,69,Tracked_Strong,64,4.087463,0.324652,0.380000,0.005535,4.092998,4.000000,4.800000,0.707002
50,70,Tracked_Strong,65,4.092998,0.338339,0.380000,0.004134,4.097131,4.000000,4.800000,0.702869
50,70,Tracked_Weak,63,2.408630,0.335126,0.380000,0.004523,2.413153,2.600000,2.000000,0.413153
50,71,Tracked_Strong,66,4.097131,0.321133,0.300000,-0.002081,4.095050,4.000000,4.800000,0.704950
50,71,Tracked_Weak,64,2.413153,0.328871,0.340000,0.001113,2.414266,2.600000,2.000000,0.414266
50,72,Tracked_Weak,65,2.414266,0.330489,0.360000,0.002928,2.417194,2.600000,2.000000,0.417194
50,72,Tracked_Strong,67,4.095050,0.347784,0.300000,-0.004670,4.090380,4.000000,4.800000,0.709620
50,73,Tracked_Strong,68,4.090380,0.322691,0.200000,-0.011903,4.078478,4.000000,4.800000,0.721522
50,73,Tracked_Weak,66,2.417194,0.330277,0.440000,0.010805,2.427999,2.600000,2.000000,0.427999
50,74,Tracked_Weak,67,2.427999,0.331743,0.440000,0.010581,2.438580,2.600000,2.000000,0.438580
50,74,Tracked_Strong,69,4.078478,0.346108,0.300000,-0.004441,4.074037,4.000000,4.800000,0.725963
50,75,Tracked_Weak,68,2.438580,0.330359,0.400000,0.006756,2.445336,2.600000,2.000000,0.445336
50,75,Tracked_Strong,70,4.074037,0.319828,0.300000,-0.001896,4.072141,4.000000,4.800000,0.727859
50,76,Tracked_Weak,69,2.445336,0.316569,0.300000,-0.001596,2.443740,2.600000,2.000000,0.443740
50,76,Tracked_Strong,71,4.072141,0.342475,0.380000,0.003563,4.075704,4.000000,4.800000,0.724296
50,77,Tracked_Weak,70,2.443740,0.317342,0.280000,-0.003571,2.440169,2.600000,2.000000,0.440169
50,77,Tracked_Strong,72,4.075704,0.341153,0.420000,0.007434,4.083138,4.000000,4.800000,0.716862
50,78,Tracked_Strong,73,4.083138,0.321444,0.240000,-0.007626,4.075512,4.000000,4.800000,0.724488
50,78,Tracked_Weak,71,2.440169,0.331267,0.380000,0.004627,2.444796,2.600000,2.000000,0.444796
50,79,Tracked_Strong,74,4.075512,0.331276,0.280000,-0.004769,4.070743,4.000000,4.800000,0.729257
50,79,Tracked_Weak,72,2.444796,0.331276,0.280000,-0.004834,2.439962,2.600000,2.000000,0.439962
50,80,Tracked_Strong,75,4.070743,0.336230,0.340000,0.000348,4.071091,4.000000,4.800000,0.728909
50,80,Tracked_Weak,73,2.439962,0.330446,0.280000,-0.004723,2.435238,2.600000,2.000000,0.435238
50,81,Tracked_Strong,76,4.071091,0.313533,0.440000,0.011605,4.082697,4.000000,4.800000,0.717303
50,81,Tracked_Weak,74,2.435238,0.313533,0.440000,0.011761,2.447000,2.600000,2.000000,0.447000
50,82,Tracked_Weak,75,2.447000,0.335491,0.400000,0.005959,2.452959,2.600000,2.000000,0.452959
50,82,Tracked_Strong,77,4.082697,0.337181,0.240000,-0.008860,4.073837,4.000000,4.800000,0.726163
50,83,Tracked_Strong,78,4.073837,0.322813,0.280000,-0.003878,4.069959,4.000000,4.800000,0.730041
50,83,Tracked_Weak,76,2.452959,0.337943,0.360000,0.002024,2.454983,2.600000,2.000000,0.454983
50,84,Tracked_Strong,79,4.069959,0.316746,0.360000,0.003893,4.073852,4.000000,4.800000,0.726148
50,84,Tracked_Weak,77,2.454983,0.329291,0.240000,-0.008141,2.446842,2.600000,2.000000,0.446842
50,85,Tracked_Strong,80,4.073852,0.317131,0.320000,0.000257,4.074109,4.000000,4.800000,0.725891
50,85,Tracked_Weak,78,2.446842,0.341261,0.260000,-0.007361,2.439481,2.600000,2.000000,0.439481
50,86,Tracked_Strong,81,4.074109,0.317092,0.360000,0.003814,4.077923,4.000000,4.800000,0.722077
50,86,Tracked_Weak,79,2.439481,0.341406,0.340000,-0.000127,2.439355,2.600000,2.000000,0.439355
50,87,Tracked_Strong,82,4.077923,0.343149,0.320000,-0.002045,4.075878,4.000000,4.800000,0.724122
50,88,Tracked_Strong,83,4.075878,0.322488,0.340000,0.001538,4.077415,4.000000,4.800000,0.722585
50,88,Tracked_Weak,80,2.439355,0.322488,0.340000,0.001566,2.440921,2.600000,2.000000,0.440921
50,89,Tracked_Strong,84,4.077415,0.335971,0.360000,0.002097,4.079513,4.000000,4.800000,0.720487
50,89,Tracked_Weak,81,2.440921,0.335971,0.360000,0.002136,2.443057,2.600000,2.000000,0.443057
50,90,Tracked_Strong,85,4.079513,0.335172,0.400000,0.005625,4.085138,4.000000,4.800000,0.714862
50,91,Tracked_Strong,86,4.085138,0.331403,0.240000,-0.007885,4.077253,4.000000,4.800000,0.722747
50,91,Tracked_Weak,82,2.443057,0.348106,0.420000,0.006352,2.449409,2.600000,2.000000,0.449409
50,92,Tracked_Strong,87,4.077253,0.339113,0.400000,0.005222,4.082475,4.000000,4.800000,0.717525
50,93,Tracked_Strong,88,4.082475,0.330282,0.260000,-0.005994,4.076482,4.000000,4.800000,0.723518
50,93,Tracked_Weak,83,2.449409,0.349785,0.420000,0.006166,2.455574,2.600000,2.000000,0.455574
50,94,Tracked_Weak,84,2.455574,0.325171,0.400000,0.006532,2.462106,2.600000,2.000000,0.462106
50,94,Tracked_Strong,89,4.076482,0.349660,0.300000,-0.004211,4.072270,4.000000,4.800000,0.727730
50,95,Tracked_Strong,90,4.072270,0.343792,0.260000,-0.007066,4.065205,4.000000,4.800000,0.734795
50,96,Tracked_Strong,91,4.065205,0.340838,0.260000,-0.006779,4.058425,4.000000,4.800000,0.741575
50,96,Tracked_Weak,85,2.462106,0.340838,0.260000,-0.007015,2.455091,2.600000,2.000000,0.455091
50,97,Tracked_Strong,92,4.058425,0.313453,0.280000,-0.002790,4.055635,4.000000,4.800000,0.744365
50,97,Tracked_Weak,86,2.455091,0.343260,0.320000,-0.002007,2.453085,2.600000,2.000000,0.453085
50,98,Tracked_Strong,93,4.055635,0.340926,0.280000,-0.005054,4.050581,4.000000,4.800000,0.749419
50,98,Tracked_Weak,87,2.453085,0.340926,0.280000,-0.005226,2.447859,2.600000,2.000000,0.447859
50,99,Tracked_Strong,94,4.050581,0.336649,0.280000,-0.004674,4.045907,4.000000,4.800000,0.754093
50,99,Tracked_Weak,88,2.447859,0.336649,0.280000,-0.004831,2.443028,2.600000,2.000000,0.443028
50,100,Tracked_Weak,89,2.443028,0.335623,0.360000,0.002067,2.445095,2.600000,2.000000,0.445095
50,100,Tracked_Strong,95,4.045907,0.336497,0.380000,0.003571,4.049477,4.000000,4.800000,0.750523
