roundsPerGame,strategy,ratedGames,observations,mae
5,CURRENT,0,400,0.464411
5,CURRENT,40,400,0.491965
5,CURRENT,80,400,0.474731
5,CURRENT,160,400,0.472512
5,CURRENT,300,400,0.454103
5,SLOW_DECAY,0,400,0.464411
5,SLOW_DECAY,40,400,0.564701
5,SLOW_DECAY,80,400,0.579913
5,SLOW_DECAY,160,400,0.578882
5,SLOW_DECAY,300,400,0.553786
5,FLOOR_0_10,0,400,0.464411
5,FLOOR_0_10,40,400,0.493887
5,FLOOR_0_10,80,400,0.485985
5,FLOOR_0_10,160,400,0.474561
5,FLOOR_0_10,300,400,0.459497
10,CURRENT,0,400,0.464411
10,CURRENT,40,400,0.464939
10,CURRENT,80,400,0.447219
10,CURRENT,160,400,0.425577
10,CURRENT,300,400,0.412540
10,SLOW_DECAY,0,400,0.464411
10,SLOW_DECAY,40,400,0.484215
10,SLOW_DECAY,80,400,0.467661
10,SLOW_DECAY,160,400,0.450908
10,SLOW_DECAY,300,400,0.426437
10,FLOOR_0_10,0,400,0.464411
10,FLOOR_0_10,40,400,0.455157
10,FLOOR_0_10,80,400,0.446981
10,FLOOR_0_10,160,400,0.429337
10,FLOOR_0_10,300,400,0.394109
20,CURRENT,0,400,0.464411
20,CURRENT,40,400,0.449383
20,CURRENT,80,400,0.432414
20,CURRENT,160,400,0.410365
20,CURRENT,300,400,0.384911
20,SLOW_DECAY,0,400,0.464411
20,SLOW_DECAY,40,400,0.440351
20,SLOW_DECAY,80,400,0.423680
20,SLOW_DECAY,160,400,0.389342
20,SLOW_DECAY,300,400,0.370801
20,FLOOR_0_10,0,400,0.464411
20,FLOOR_0_10,40,400,0.442160
20,FLOOR_0_10,80,400,0.427422
20,FLOOR_0_10,160,400,0.403498
20,FLOOR_0_10,300,400,0.376540
50,CURRENT,0,400,0.464411
50,CURRENT,40,400,0.426839
50,CURRENT,80,400,0.410935
50,CURRENT,160,400,0.390283
50,CURRENT,300,400,0.370261
50,SLOW_DECAY,0,400,0.464411
50,SLOW_DECAY,40,400,0.408679
50,SLOW_DECAY,80,400,0.384080
50,SLOW_DECAY,160,400,0.349634
50,SLOW_DECAY,300,400,0.311184
50,FLOOR_0_10,0,400,0.464411
50,FLOOR_0_10,40,400,0.433087
50,FLOOR_0_10,80,400,0.417444
50,FLOOR_0_10,160,400,0.392930
50,FLOOR_0_10,300,400,0.356146
