player,ratedGames,appRating,selfRating,trueSkill
Tracked_Strong,0,4.000000,4.000000,4.800000
Tracked_Weak,0,2.600000,2.600000,2.000000
Tracked_Weak,1,2.978528,2.600000,2.000000
Tracked_Strong,1,4.055105,4.000000,4.800000
Tracked_Weak,2,2.912185,2.600000,2.000000
Tracked_Strong,2,3.972285,4.000000,4.800000
Tracked_Weak,3,2.946892,2.600000,2.000000
Tracked_Weak,4,3.050472,2.600000,2.000000
Tracked_Strong,3,3.905717,4.000000,4.800000
Tracked_Weak,5,2.998909,2.600000,2.000000
Tracked_Strong,4,4.008406,4.000000,4.800000
Tracked_Weak,6,3.027143,2.600000,2.000000
Tracked_Strong,5,4.031149,4.000000,4.800000
Tracked_Weak,7,2.927877,2.600000,2.000000
Tracked_Strong,6,4.052696,4.000000,4.800000
Tracked_Weak,8,2.946537,2.600000,2.000000
Tracked_Strong,7,4.076753,4.000000,4.800000
Tracked_Weak,9,2.967753,2.600000,2.000000
Tracked_Strong,8,4.036524,4.000000,4.800000
Tracked_Weak,10,2.988538,2.600000,2.000000
Tracked_Strong,9,4.161588,4.000000,4.800000
Tracked_Weak,11,2.908622,2.600000,2.000000
Tracked_Strong,10,4.228465,4.000000,4.800000
Tracked_Weak,12,2.829799,2.600000,2.000000
Tracked_Strong,11,4.289054,4.000000,4.800000
Tracked_Weak,13,2.847097,2.600000,2.000000
Tracked_Strong,12,4.300261,4.000000,4.800000
Tracked_Weak,14,2.820577,2.600000,2.000000
Tracked_Strong,13,4.314581,4.000000,4.800000
Tracked_Weak,15,2.833909,2.600000,2.000000
Tracked_Strong,14,4.371464,4.000000,4.800000
Tracked_Weak,16,2.806936,2.600000,2.000000
Tracked_Weak,17,2.896627,2.600000,2.000000
Tracked_Strong,15,4.339773,4.000000,4.800000
Tracked_Weak,18,2.872785,2.600000,2.000000
Tracked_Strong,16,4.392776,4.000000,4.800000
Tracked_Weak,19,2.921425,2.600000,2.000000
Tracked_Strong,17,4.367642,4.000000,4.800000
Tracked_Weak,20,2.860931,2.600000,2.000000
Tracked_Strong,18,4.416735,4.000000,4.800000
Tracked_Weak,21,2.840397,2.600000,2.000000
Tracked_Weak,22,2.885702,2.600000,2.000000
Tracked_Strong,19,4.502031,4.000000,4.800000
Tracked_Weak,23,2.963227,2.600000,2.000000
Tracked_Strong,20,4.477381,4.000000,4.800000
Tracked_Weak,24,2.940725,2.600000,2.000000
Tracked_Strong,21,4.418583,4.000000,4.800000
Tracked_Weak,25,2.886836,2.600000,2.000000
Tracked_Strong,22,4.396216,4.000000,4.800000
Tracked_Weak,26,2.866261,2.600000,2.000000
Tracked_Strong,23,4.375812,4.000000,4.800000
Tracked_Weak,27,2.813033,2.600000,2.000000
Tracked_Strong,24,4.451485,4.000000,4.800000
Tracked_Weak,28,2.883092,2.600000,2.000000
Tracked_Strong,25,4.429863,4.000000,4.800000
Tracked_Weak,29,2.893826,2.600000,2.000000
Tracked_Strong,26,4.441326,4.000000,4.800000
Tracked_Weak,30,2.902962,2.600000,2.000000
Tracked_Strong,27,4.422546,4.000000,4.800000
Tracked_Weak,31,2.885435,2.600000,2.000000
Tracked_Strong,28,4.374448,4.000000,4.800000
Tracked_Strong,29,4.383202,4.000000,4.800000
Tracked_Weak,32,2.896366,2.600000,2.000000
Tracked_Strong,30,4.422799,4.000000,4.800000
Tracked_Weak,33,2.934120,2.600000,2.000000
Tracked_Strong,31,4.458391,4.000000,4.800000
Tracked_Strong,32,4.441516,4.000000,4.800000
Tracked_Weak,34,2.917750,2.600000,2.000000
Tracked_Strong,33,4.423494,4.000000,4.800000
Tracked_Weak,35,2.900250,2.600000,2.000000
Tracked_Strong,34,4.431786,4.000000,4.800000
Tracked_Strong,35,4.411992,4.000000,4.800000
Tracked_Weak,36,2.910381,2.600000,2.000000
Tracked_Strong,36,4.420036,4.000000,4.800000
Tracked_Weak,37,2.893441,2.600000,2.000000
Tracked_Strong,37,4.455979,4.000000,4.800000
Tracked_Weak,38,2.873617,2.600000,2.000000
Tracked_Strong,38,4.465844,4.000000,4.800000
Tracked_Weak,39,2.883355,2.600000,2.000000
Tracked_Weak,40,2.867570,2.600000,2.000000
Tracked_Strong,39,4.446284,4.000000,4.800000
Tracked_Weak,41,2.877350,2.600000,2.000000
Tracked_Strong,40,4.452492,4.000000,4.800000
Tracked_Weak,42,2.886963,2.600000,2.000000
Tracked_Strong,41,4.483079,4.000000,4.800000
Tracked_Weak,43,2.871060,2.600000,2.000000
Tracked_Strong,42,4.514849,4.000000,4.800000
Tracked_Weak,44,2.854514,2.600000,2.000000
Tracked_Strong,43,4.521455,4.000000,4.800000
Tracked_Weak,45,2.837750,2.600000,2.000000
Tracked_Strong,44,4.554753,4.000000,4.800000
Tracked_Weak,46,2.845261,2.600000,2.000000
Tracked_Weak,47,2.876915,2.600000,2.000000
Tracked_Strong,45,4.611752,4.000000,4.800000
Tracked_Weak,48,2.861852,2.600000,2.000000
Tracked_Strong,46,4.596137,4.000000,4.800000
Tracked_Weak,49,2.870764,2.600000,2.000000
Tracked_Strong,47,4.627644,4.000000,4.800000
Tracked_Weak,50,2.901310,2.600000,2.000000
Tracked_Strong,48,4.658003,4.000000,4.800000
Tracked_Weak,51,2.886763,2.600000,2.000000
Tracked_Strong,49,4.665941,4.000000,4.800000
Tracked_Weak,52,2.894468,2.600000,2.000000
Tracked_Strong,50,4.627638,4.000000,4.800000
Tracked_Strong,51,4.680274,4.000000,4.800000
Tracked_Weak,53,2.946102,2.600000,2.000000
Tracked_Strong,52,4.687986,4.000000,4.800000
Tracked_Weak,54,2.953669,2.600000,2.000000
Tracked_Strong,53,4.651589,4.000000,4.800000
Tracked_Weak,55,2.960683,2.600000,2.000000
Tracked_Strong,54,4.700781,4.000000,4.800000
Tracked_Weak,56,3.008989,2.600000,2.000000
Tracked_Strong,55,4.685448,4.000000,4.800000
Tracked_Strong,56,4.649304,4.000000,4.800000
Tracked_Weak,57,2.973163,2.600000,2.000000
Tracked_Strong,57,4.655693,4.000000,4.800000
Tracked_Weak,58,2.958418,2.600000,2.000000
Tracked_Strong,58,4.661877,4.000000,4.800000
Tracked_Weak,59,2.964550,2.600000,2.000000
Tracked_Strong,59,4.689379,4.000000,4.800000
Tracked_Weak,60,2.950943,2.600000,2.000000
Tracked_Strong,60,4.675792,4.000000,4.800000
Tracked_Strong,61,4.682520,4.000000,4.800000
Tracked_Weak,61,2.936787,2.600000,2.000000
Tracked_Strong,62,4.688899,4.000000,4.800000
Tracked_Weak,62,2.964152,2.600000,2.000000
Tracked_Strong,63,4.695194,4.000000,4.800000
Tracked_Weak,63,2.970447,2.600000,2.000000
Tracked_Weak,64,2.956870,2.600000,2.000000
Tracked_Weak,65,2.984185,2.600000,2.000000
Tracked_Strong,64,4.701489,4.000000,4.800000
Tracked_Weak,66,2.990384,2.600000,2.000000
Tracked_Strong,65,4.707698,4.000000,4.800000
Tracked_Weak,67,2.996500,2.600000,2.000000
Tracked_Weak,68,3.001378,2.600000,2.000000
Tracked_Strong,66,4.752883,4.000000,4.800000
Tracked_Weak,69,2.970756,2.600000,2.000000
Tracked_Strong,67,4.779557,4.000000,4.800000
Tracked_Strong,68,4.765875,4.000000,4.800000
Tracked_Weak,70,2.957271,2.600000,2.000000
Tracked_Strong,69,4.772228,4.000000,4.800000
Tracked_Weak,71,2.963533,2.600000,2.000000
