groupNumber,gameNumber,groupType,availablePlayers,kickSplitScore,randomAverageScore,improvementPercent
1,1,BALANCED,17,0.110145,0.292254,62.3120
1,2,BALANCED,15,0.070527,0.290368,75.7110
1,3,BALANCED,15,0.070342,0.335754,79.0495
1,4,BALANCED,14,0.127309,0.356451,64.2843
1,5,BALANCED,14,0.156429,0.288617,45.8005
1,6,BALANCED,15,0.012149,0.293703,95.8636
1,7,BALANCED,16,0.121001,0.307927,60.7046
1,8,BALANCED,13,0.177497,0.396098,55.1886
1,9,BALANCED,16,0.151106,0.328433,53.9919
1,10,BALANCED,16,0.162610,0.307469,47.1134
1,11,BALANCED,16,0.149909,0.318005,52.8595
1,12,BALANCED,11,0.136776,0.365459,62.5741
1,13,BALANCED,16,0.162983,0.287110,43.2334
1,14,BALANCED,12,0.054477,0.409520,86.6975
1,15,BALANCED,16,0.118026,0.314117,62.4260
1,16,BALANCED,17,0.097722,0.309973,68.4742
1,17,BALANCED,17,0.107624,0.301261,64.2755
1,18,BALANCED,16,0.118120,0.339804,65.2387
1,19,BALANCED,12,0.057638,0.377771,84.7425
1,20,BALANCED,14,0.105627,0.353546,70.1236
2,1,MIXED,13,0.063386,0.503380,87.4080
2,2,MIXED,11,0.106015,0.795506,86.6733
2,3,MIXED,13,0.274035,0.780834,64.9048
2,4,MIXED,13,0.182401,0.547449,66.6816
2,5,MIXED,13,0.168998,0.748121,77.4103
2,6,MIXED,12,0.136938,0.861509,84.1049
2,7,MIXED,13,0.068733,0.727705,90.5549
2,8,MIXED,15,0.082887,0.664868,87.5333
2,9,MIXED,16,0.268852,0.679195,60.4160
2,10,MIXED,15,0.155210,0.694789,77.6609
2,11,MIXED,14,0.181330,0.680770,73.3640
2,12,MIXED,15,0.029356,0.726723,95.9605
2,13,MIXED,13,0.328628,0.820435,59.9446
2,14,MIXED,14,0.310276,0.796186,61.0298
2,15,MIXED,13,0.216580,0.550983,60.6921
2,16,MIXED,12,0.016224,0.754773,97.8505
2,17,MIXED,14,0.195315,0.572170,65.8641
2,18,MIXED,15,0.076353,0.647533,88.2087
2,19,MIXED,14,0.262889,0.759134,65.3699
2,20,MIXED,13,0.177982,0.710821,74.9611
3,1,HIGH_VARIANCE,15,0.127151,0.896964,85.8243
3,2,HIGH_VARIANCE,17,0.293638,0.878319,66.5682
3,3,HIGH_VARIANCE,12,0.163032,0.851506,80.8537
3,4,HIGH_VARIANCE,15,0.085331,0.808429,89.4448
3,5,HIGH_VARIANCE,18,0.063793,0.792090,91.9462
3,6,HIGH_VARIANCE,13,0.327696,1.108342,70.4336
3,7,HIGH_VARIANCE,15,0.063561,0.848573,92.5096
3,8,HIGH_VARIANCE,12,0.131397,0.946071,86.1112
3,9,HIGH_VARIANCE,16,0.278445,0.870766,68.0230
3,10,HIGH_VARIANCE,15,0.094074,0.876285,89.2644
3,11,HIGH_VARIANCE,14,0.414388,0.947952,56.2860
3,12,HIGH_VARIANCE,17,0.297781,0.766688,61.1600
3,13,HIGH_VARIANCE,16,0.296727,0.923917,67.8838
3,14,HIGH_VARIANCE,16,0.320211,0.852807,62.4522
3,15,HIGH_VARIANCE,16,0.267895,0.859447,68.8293
3,16,HIGH_VARIANCE,13,0.385741,0.975470,60.4558
3,17,HIGH_VARIANCE,15,0.074947,0.801103,90.6445
3,18,HIGH_VARIANCE,18,0.060933,0.857495,92.8940
3,19,HIGH_VARIANCE,17,0.360529,0.874746,58.7847
3,20,HIGH_VARIANCE,16,0.299104,0.933642,67.9637
4,1,BALANCED,17,0.120453,0.281794,57.2549
4,2,BALANCED,15,0.058493,0.199529,70.6843
4,3,BALANCED,11,0.150091,0.418219,64.1119
4,4,BALANCED,14,0.052211,0.247329,78.8899
4,5,BALANCED,15,0.109725,0.281603,61.0356
4,6,BALANCED,14,0.041353,0.237842,82.6133
4,7,BALANCED,16,0.084741,0.190131,55.4303
4,8,BALANCED,13,0.107469,0.248714,56.7903
4,9,BALANCED,15,0.115343,0.289615,60.1737
4,10,BALANCED,14,0.141207,0.320567,55.9509
4,11,BALANCED,13,0.104949,0.236610,55.6448
4,12,BALANCED,12,0.191087,0.325592,41.3108
4,13,BALANCED,13,0.168477,0.346153,51.3288
4,14,BALANCED,17,0.128269,0.271006,52.6695
4,15,BALANCED,16,0.173425,0.293042,40.8191
4,16,BALANCED,13,0.043940,0.274738,84.0064
4,17,BALANCED,16,0.172782,0.286799,39.7549
4,18,BALANCED,11,0.284305,0.385571,26.2638
4,19,BALANCED,12,0.125944,0.354046,64.4272
4,20,BALANCED,14,0.113828,0.193675,41.2275
5,1,MIXED,16,0.235845,0.509422,53.7033
5,2,MIXED,14,0.340780,0.653134,47.8239
5,3,MIXED,17,0.236837,0.581299,59.2573
5,4,MIXED,12,0.012142,0.589097,97.9389
5,5,MIXED,14,0.227046,0.651229,65.1358
5,6,MIXED,17,0.152423,0.561090,72.8345
5,7,MIXED,17,0.200229,0.592849,66.2261
5,8,MIXED,13,0.246267,0.656569,62.4919
5,9,MIXED,14,0.216677,0.684288,68.3353
5,10,MIXED,15,0.042438,0.617083,93.1229
5,11,MIXED,13,0.188281,0.699914,73.0994
5,12,MIXED,15,0.052806,0.648944,91.8627
5,13,MIXED,18,0.043688,0.587532,92.5642
5,14,MIXED,16,0.227902,0.457526,50.1881
5,15,MIXED,18,0.066070,0.586136,88.7278
5,16,MIXED,14,0.242127,0.719177,66.3327
5,17,MIXED,14,0.342394,0.676141,49.3606
5,18,MIXED,15,0.080266,0.663667,87.9057
5,19,MIXED,16,0.259652,0.633365,59.0044
5,20,MIXED,15,0.165604,0.726363,77.2010
6,1,HIGH_VARIANCE,14,0.303036,0.802109,62.2201
6,2,HIGH_VARIANCE,19,0.237123,0.656585,63.8853
6,3,HIGH_VARIANCE,13,0.428360,0.769724,44.3489
6,4,HIGH_VARIANCE,16,0.358299,0.746066,51.9749
6,5,HIGH_VARIANCE,12,0.090002,0.970579,90.7270
6,6,HIGH_VARIANCE,14,0.354033,0.823486,57.0081
6,7,HIGH_VARIANCE,12,0.257864,0.633944,59.3238
6,8,HIGH_VARIANCE,14,0.296553,0.847647,65.0146
6,9,HIGH_VARIANCE,15,0.118328,0.876023,86.4926
6,10,HIGH_VARIANCE,14,0.282208,0.742119,61.9727
6,11,HIGH_VARIANCE,14,0.303940,0.697442,56.4208
6,12,HIGH_VARIANCE,18,0.069701,0.629695,88.9310
6,13,HIGH_VARIANCE,13,0.448872,0.862927,47.9826
6,14,HIGH_VARIANCE,12,0.295988,0.876096,66.2151
6,15,HIGH_VARIANCE,13,0.410765,0.875059,53.0585
6,16,HIGH_VARIANCE,11,0.522966,0.843996,38.0369
6,17,HIGH_VARIANCE,18,0.109672,0.759567,85.5612
6,18,HIGH_VARIANCE,14,0.313895,0.767703,59.1125
6,19,HIGH_VARIANCE,18,0.115884,0.690822,83.2252
6,20,HIGH_VARIANCE,14,0.388502,0.803407,51.6432
7,1,BALANCED,15,0.046238,0.170372,72.8605
7,2,BALANCED,13,0.064519,0.203657,68.3197
7,3,BALANCED,15,0.022716,0.170711,86.6932
7,4,BALANCED,12,0.068999,0.203362,66.0707
7,5,BALANCED,15,0.043350,0.167693,74.1493
7,6,BALANCED,14,0.061965,0.177611,65.1120
7,7,BALANCED,17,0.048589,0.174570,72.1662
7,8,BALANCED,18,0.023569,0.157169,85.0041
7,9,BALANCED,14,0.044960,0.193348,76.7466
7,10,BALANCED,15,0.001111,0.196947,99.4360
7,11,BALANCED,16,0.039165,0.146372,73.2429
7,12,BALANCED,15,0.058167,0.166105,64.9818
7,13,BALANCED,15,0.016278,0.115002,85.8452
7,14,BALANCED,16,0.047478,0.138471,65.7127
7,15,BALANCED,16,0.035110,0.118102,70.2714
7,16,BALANCED,14,0.042585,0.123126,65.4134
7,17,BALANCED,14,0.043847,0.188150,76.6955
7,18,BALANCED,15,0.070423,0.156487,54.9976
7,19,BALANCED,16,0.048074,0.134617,64.2883
7,20,BALANCED,15,0.019843,0.173163,88.5408
8,1,MIXED,16,0.264163,0.554772,52.3835
8,2,MIXED,9,0.122164,0.619968,80.2951
8,3,MIXED,15,0.071437,0.476357,85.0035
8,4,MIXED,16,0.275966,0.536566,48.5681
8,5,MIXED,17,0.306110,0.504140,39.2806
8,6,MIXED,12,0.244364,0.657394,62.8283
8,7,MIXED,18,0.135403,0.514342,73.6745
8,8,MIXED,9,0.165429,0.436639,62.1130
8,9,MIXED,14,0.302819,0.507233,40.2999
8,10,MIXED,14,0.360607,0.592332,39.1208
8,11,MIXED,15,0.149413,0.587418,74.5644
8,12,MIXED,12,0.264621,0.594390,55.4803
8,13,MIXED,16,0.192731,0.431802,55.3659
8,14,MIXED,16,0.292981,0.504879,41.9701
8,15,MIXED,13,0.150666,0.437127,65.5326
8,16,MIXED,12,0.029016,0.443887,93.4631
8,17,MIXED,15,0.193129,0.522166,63.0138
8,18,MIXED,11,0.318129,0.690917,53.9555
8,19,MIXED,14,0.301895,0.577056,47.6837
8,20,MIXED,14,0.342042,0.602872,43.2645
9,1,HIGH_VARIANCE,16,0.380199,0.766612,50.4054
9,2,HIGH_VARIANCE,17,0.345687,0.779600,55.6584
9,3,HIGH_VARIANCE,11,0.276178,0.774631,64.3471
9,4,HIGH_VARIANCE,15,0.042707,0.756917,94.3578
9,5,HIGH_VARIANCE,14,0.280485,0.724639,61.2931
9,6,HIGH_VARIANCE,12,0.126008,0.719013,82.4749
9,7,HIGH_VARIANCE,15,0.129842,0.830682,84.3693
9,8,HIGH_VARIANCE,18,0.020748,0.638114,96.7485
9,9,HIGH_VARIANCE,14,0.292194,0.715066,59.1375
9,10,HIGH_VARIANCE,17,0.328976,0.791380,58.4302
9,11,HIGH_VARIANCE,16,0.375633,0.834445,54.9841
9,12,HIGH_VARIANCE,13,0.345756,0.689758,49.8728
9,13,HIGH_VARIANCE,15,0.092447,0.649559,85.7678
9,14,HIGH_VARIANCE,14,0.259484,0.736371,64.7618
9,15,HIGH_VARIANCE,12,0.181571,0.974133,81.3607
9,16,HIGH_VARIANCE,12,0.068330,0.767489,91.0969
9,17,HIGH_VARIANCE,16,0.379609,0.749389,49.3442
9,18,HIGH_VARIANCE,15,0.152628,0.925681,83.5118
9,19,HIGH_VARIANCE,15,0.153431,0.815228,81.1794
9,20,HIGH_VARIANCE,16,0.210922,0.714688,70.4875
10,1,BALANCED,14,0.126148,0.303182,58.3920
10,2,BALANCED,14,0.093016,0.231257,59.7781
10,3,BALANCED,13,0.103977,0.241288,56.9073
10,4,BALANCED,16,0.075033,0.262243,71.3878
10,5,BALANCED,10,0.123884,0.287691,56.9384
10,6,BALANCED,13,0.102662,0.262900,60.9501
10,7,BALANCED,14,0.101281,0.304042,66.6885
10,8,BALANCED,16,0.083439,0.240799,65.3490
10,9,BALANCED,13,0.074745,0.290126,74.2372
10,10,BALANCED,14,0.105222,0.289720,63.6816
10,11,BALANCED,16,0.075841,0.255643,70.3333
10,12,BALANCED,13,0.086585,0.236859,63.4447
10,13,BALANCED,16,0.110870,0.234660,52.7530
10,14,BALANCED,12,0.037386,0.154349,75.7785
10,15,BALANCED,14,0.111673,0.300299,62.8128
10,16,BALANCED,16,0.082744,0.229652,63.9699
10,17,BALANCED,14,0.125936,0.280655,55.1278
10,18,BALANCED,12,0.076193,0.278577,72.6492
10,19,BALANCED,16,0.074829,0.263943,71.6495
10,20,BALANCED,15,0.011360,0.278723,95.9241
11,1,MIXED,14,0.287032,0.607852,52.7792
11,2,MIXED,13,0.234986,0.608757,61.3991
11,3,MIXED,12,0.052104,0.714138,92.7039
11,4,MIXED,15,0.042732,0.386041,88.9306
11,5,MIXED,18,0.087175,0.497146,82.4649
11,6,MIXED,15,0.088202,0.545567,83.8329
11,7,MIXED,13,0.261091,0.600572,56.5262
11,8,MIXED,17,0.236611,0.514636,54.0237
11,9,MIXED,16,0.271729,0.555064,51.0455
11,10,MIXED,18,0.080223,0.470811,82.9608
11,11,MIXED,17,0.235978,0.508732,53.6145
11,12,MIXED,13,0.254125,0.654906,61.1967
11,13,MIXED,15,0.116263,0.574041,79.7465
11,14,MIXED,11,0.296387,0.738922,59.8892
11,15,MIXED,15,0.106779,0.590722,81.9239
11,16,MIXED,15,0.028372,0.605090,95.3111
11,17,MIXED,14,0.221809,0.617415,64.0745
11,18,MIXED,9,0.238751,0.850749,71.9363
11,19,MIXED,15,0.089604,0.548584,83.6663
11,20,MIXED,18,0.033756,0.510672,93.3900
12,1,HIGH_VARIANCE,17,0.400986,0.802314,50.0214
12,2,HIGH_VARIANCE,12,0.180432,1.143160,84.2164
12,3,HIGH_VARIANCE,15,0.137286,0.936215,85.3360
12,4,HIGH_VARIANCE,14,0.447285,0.870441,48.6139
12,5,HIGH_VARIANCE,13,0.336567,1.012860,66.7706
12,6,HIGH_VARIANCE,17,0.288596,0.829096,65.1914
12,7,HIGH_VARIANCE,15,0.150663,0.928434,83.7724
12,8,HIGH_VARIANCE,15,0.107188,0.922968,88.3866
12,9,HIGH_VARIANCE,16,0.415498,0.830938,49.9965
12,10,HIGH_VARIANCE,14,0.433273,0.967282,55.2072
12,11,HIGH_VARIANCE,13,0.476579,1.061710,55.1121
12,12,HIGH_VARIANCE,13,0.289630,0.933706,68.9806
12,13,HIGH_VARIANCE,16,0.281213,0.702137,59.9490
12,14,HIGH_VARIANCE,12,0.363882,1.064852,65.8279
12,15,HIGH_VARIANCE,16,0.371609,0.786338,52.7418
12,16,HIGH_VARIANCE,10,0.542304,1.249257,56.5899
12,17,HIGH_VARIANCE,11,0.637435,1.019397,37.4694
12,18,HIGH_VARIANCE,17,0.283553,0.806259,64.8310
12,19,HIGH_VARIANCE,16,0.392783,0.832128,52.7978
12,20,HIGH_VARIANCE,13,0.507340,0.925770,45.1981
13,1,BALANCED,10,0.090020,0.261898,65.6280
13,2,BALANCED,13,0.102952,0.236005,56.3770
13,3,BALANCED,17,0.079378,0.219902,63.9030
13,4,BALANCED,13,0.079599,0.274962,71.0508
13,5,BALANCED,17,0.081347,0.227289,64.2097
13,6,BALANCED,14,0.104589,0.260196,59.8037
13,7,BALANCED,12,0.068047,0.223158,69.5073
13,8,BALANCED,11,0.149317,0.249298,40.1049
13,9,BALANCED,15,0.052952,0.233850,77.3565
13,10,BALANCED,19,0.063958,0.183369,65.1207
13,11,BALANCED,14,0.107685,0.228639,52.9017
13,12,BALANCED,16,0.069847,0.217023,67.8159
13,13,BALANCED,14,0.085179,0.251801,66.1722
13,14,BALANCED,15,0.023319,0.237796,90.1938
13,15,BALANCED,12,0.013691,0.305265,95.5150
13,16,BALANCED,14,0.069606,0.219374,68.2708
13,17,BALANCED,15,0.027540,0.211813,86.9981
13,18,BALANCED,14,0.088148,0.269569,67.3005
13,19,BALANCED,16,0.079170,0.232934,66.0118
13,20,BALANCED,15,0.016281,0.245158,93.3590
14,1,MIXED,16,0.182613,0.484205,62.2861
14,2,MIXED,15,0.013960,0.512048,97.2737
14,3,MIXED,18,0.016383,0.444788,96.3167
14,4,MIXED,15,0.032936,0.504019,93.4654
14,5,MIXED,16,0.160764,0.512355,68.6226
14,6,MIXED,13,0.138326,0.443561,68.8148
14,7,MIXED,14,0.229469,0.521814,56.0247
14,8,MIXED,17,0.167526,0.394618,57.5473
14,9,MIXED,17,0.169866,0.412575,58.8279
14,10,MIXED,11,0.234948,0.595905,60.5729
14,11,MIXED,12,0.183326,0.508034,63.9147
14,12,MIXED,15,0.063811,0.479271,86.6859
14,13,MIXED,15,0.030072,0.478954,93.7212
14,14,MIXED,15,0.021392,0.533685,95.9917
14,15,MIXED,16,0.158095,0.506199,68.7681
14,16,MIXED,11,0.222460,0.518832,57.1230
14,17,MIXED,15,0.032166,0.419837,92.3385
14,18,MIXED,14,0.192279,0.545634,64.7605
14,19,MIXED,16,0.175744,0.473912,62.9164
14,20,MIXED,12,0.085279,0.503594,83.0660
15,1,HIGH_VARIANCE,17,0.261762,0.834378,68.6278
15,2,HIGH_VARIANCE,14,0.309561,0.988943,68.6978
15,3,HIGH_VARIANCE,10,0.401550,1.074578,62.6318
15,4,HIGH_VARIANCE,15,0.046246,0.868832,94.6772
15,5,HIGH_VARIANCE,14,0.284196,0.669121,57.5270
15,6,HIGH_VARIANCE,18,0.058229,0.758217,92.3202
15,7,HIGH_VARIANCE,12,0.062491,1.130550,94.4725
15,8,HIGH_VARIANCE,16,0.285124,0.929269,69.3174
15,9,HIGH_VARIANCE,16,0.275499,0.939379,70.6722
15,10,HIGH_VARIANCE,14,0.367162,0.875822,58.0780
15,11,HIGH_VARIANCE,17,0.173216,0.799706,78.3400
15,12,HIGH_VARIANCE,16,0.214521,0.913871,76.5261
15,13,HIGH_VARIANCE,14,0.338410,0.957399,64.6531
15,14,HIGH_VARIANCE,15,0.041219,0.912689,95.4838
15,15,HIGH_VARIANCE,15,0.057175,0.861170,93.3608
15,16,HIGH_VARIANCE,18,0.048565,0.822083,94.0925
15,17,HIGH_VARIANCE,17,0.277918,0.908273,69.4015
15,18,HIGH_VARIANCE,17,0.233999,0.883595,73.5174
15,19,HIGH_VARIANCE,9,0.089032,1.448073,93.8517
15,20,HIGH_VARIANCE,15,0.040377,0.912673,95.5759
16,1,BALANCED,17,0.110399,0.255890,56.8569
16,2,BALANCED,13,0.117903,0.325715,63.8019
16,3,BALANCED,15,0.003557,0.320133,98.8889
16,4,BALANCED,16,0.121433,0.298924,59.3766
16,5,BALANCED,14,0.097437,0.395451,75.3606
16,6,BALANCED,14,0.085550,0.297092,71.2042
16,7,BALANCED,16,0.113898,0.313422,63.6600
16,8,BALANCED,12,0.064831,0.371678,82.5573
16,9,BALANCED,15,0.041698,0.302434,86.2127
16,10,BALANCED,16,0.122991,0.335451,63.3357
16,11,BALANCED,15,0.028292,0.255400,88.9226
16,12,BALANCED,13,0.074401,0.317247,76.5478
16,13,BALANCED,14,0.088466,0.363248,75.6460
16,14,BALANCED,16,0.100993,0.269088,62.4686
16,15,BALANCED,13,0.134872,0.311261,56.6693
16,16,BALANCED,16,0.108699,0.299022,63.6487
16,17,BALANCED,15,0.050370,0.341983,85.2711
16,18,BALANCED,15,0.046051,0.312441,85.2610
16,19,BALANCED,17,0.109704,0.266240,58.7951
16,20,BALANCED,14,0.073036,0.249246,70.6972
17,1,MIXED,16,0.128463,0.569051,77.4250
17,2,MIXED,15,0.185350,0.520213,64.3703
17,3,MIXED,15,0.047676,0.631095,92.4455
17,4,MIXED,16,0.282113,0.466326,39.5029
17,5,MIXED,15,0.193565,0.548932,64.7378
17,6,MIXED,13,0.153650,0.677115,77.3081
17,7,MIXED,12,0.195315,0.548202,64.3717
17,8,MIXED,14,0.285436,0.596730,52.1666
17,9,MIXED,11,0.385038,0.744319,48.2697
17,10,MIXED,13,0.101835,0.398904,74.4714
17,11,MIXED,12,0.232181,0.680749,65.8933
17,12,MIXED,15,0.179099,0.537469,66.6774
17,13,MIXED,15,0.044109,0.645827,93.1701
17,14,MIXED,15,0.164732,0.485129,66.0436
17,15,MIXED,16,0.113984,0.536299,78.7462
17,16,MIXED,14,0.344475,0.587526,41.3685
17,17,MIXED,16,0.264340,0.523058,49.4627
17,18,MIXED,17,0.139267,0.551412,74.7436
17,19,MIXED,15,0.167652,0.538811,68.8847
17,20,MIXED,14,0.177769,0.629266,71.7499
18,1,HIGH_VARIANCE,17,0.194836,0.859261,77.3251
18,2,HIGH_VARIANCE,14,0.248041,0.997754,75.1401
18,3,HIGH_VARIANCE,13,0.413079,0.921838,55.1896
18,4,HIGH_VARIANCE,17,0.222922,1.004469,77.8069
18,5,HIGH_VARIANCE,14,0.373228,0.833061,55.1980
18,6,HIGH_VARIANCE,14,0.472255,1.030827,54.1868
18,7,HIGH_VARIANCE,13,0.414232,0.891025,53.5106
18,8,HIGH_VARIANCE,14,0.441149,1.042100,57.6673
18,9,HIGH_VARIANCE,13,0.421359,0.926564,54.5245
18,10,HIGH_VARIANCE,17,0.232317,0.963803,75.8959
18,11,HIGH_VARIANCE,16,0.300681,0.987881,69.5630
18,12,HIGH_VARIANCE,13,0.490782,0.932189,47.3516
18,13,HIGH_VARIANCE,15,0.272555,0.829713,67.1506
18,14,HIGH_VARIANCE,17,0.403956,0.916274,55.9132
18,15,HIGH_VARIANCE,15,0.164090,1.015761,83.8456
18,16,HIGH_VARIANCE,11,0.579497,1.122691,48.3832
18,17,HIGH_VARIANCE,17,0.210410,0.955874,77.9877
18,18,HIGH_VARIANCE,16,0.391047,0.908570,56.9602
18,19,HIGH_VARIANCE,13,0.360107,1.032032,65.1070
18,20,HIGH_VARIANCE,15,0.171970,0.974865,82.3597
19,1,BALANCED,15,0.019063,0.261561,92.7120
19,2,BALANCED,17,0.083505,0.235168,64.4912
19,3,BALANCED,13,0.096214,0.295708,67.4631
19,4,BALANCED,15,0.043520,0.268488,83.7907
19,5,BALANCED,15,0.020809,0.247019,91.5758
19,6,BALANCED,14,0.092085,0.280861,67.2132
19,7,BALANCED,15,0.046660,0.208555,77.6268
19,8,BALANCED,15,0.040776,0.215923,81.1154
19,9,BALANCED,16,0.096574,0.264145,63.4390
19,10,BALANCED,18,0.026877,0.235673,88.5956
19,11,BALANCED,13,0.100026,0.320612,68.8016
19,12,BALANCED,14,0.099410,0.264137,62.3641
19,13,BALANCED,16,0.083614,0.259003,67.7172
19,14,BALANCED,15,0.047202,0.289766,83.7103
19,15,BALANCED,17,0.084070,0.258366,67.4611
19,16,BALANCED,14,0.078221,0.233916,66.5604
19,17,BALANCED,14,0.087124,0.296998,70.6651
19,18,BALANCED,16,0.080557,0.246554,67.3270
19,19,BALANCED,15,0.020387,0.264717,92.2985
19,20,BALANCED,15,0.017646,0.277961,93.6516
20,1,MIXED,13,0.244015,0.666925,63.4119
20,2,MIXED,16,0.194908,0.472398,58.7407
20,3,MIXED,15,0.055696,0.575395,90.3204
20,4,MIXED,17,0.188276,0.539450,65.0986
20,5,MIXED,16,0.223834,0.565712,60.4333
20,6,MIXED,14,0.100560,0.562927,82.1363
20,7,MIXED,17,0.186461,0.433817,57.0184
20,8,MIXED,18,0.052081,0.529079,90.1562
20,9,MIXED,14,0.182028,0.636989,71.4237
20,10,MIXED,13,0.168040,0.611503,72.5202
20,11,MIXED,16,0.192806,0.563186,65.7652
20,12,MIXED,18,0.037159,0.485617,92.3481
20,13,MIXED,15,0.072166,0.505454,85.7226
20,14,MIXED,18,0.051838,0.527565,90.1741
20,15,MIXED,15,0.065315,0.408725,84.0199
20,16,MIXED,15,0.072886,0.591956,87.6873
20,17,MIXED,17,0.134917,0.538529,74.9471
20,18,MIXED,15,0.085101,0.491824,82.6968
20,19,MIXED,13,0.252844,0.660593,61.7246
20,20,MIXED,14,0.191791,0.634430,69.7696
21,1,HIGH_VARIANCE,12,0.062742,1.110506,94.3502
21,2,HIGH_VARIANCE,10,0.486632,1.107710,56.0686
21,3,HIGH_VARIANCE,15,0.040936,0.935408,95.6237
21,4,HIGH_VARIANCE,15,0.151043,0.860158,82.4401
21,5,HIGH_VARIANCE,17,0.232314,0.910457,74.4838
21,6,HIGH_VARIANCE,14,0.321910,0.966309,66.6866
21,7,HIGH_VARIANCE,19,0.220231,0.801354,72.5177
21,8,HIGH_VARIANCE,12,0.017101,1.117177,98.4692
21,9,HIGH_VARIANCE,15,0.002176,0.974879,99.7768
21,10,HIGH_VARIANCE,18,0.085715,0.838564,89.7783
21,11,HIGH_VARIANCE,11,0.457631,1.207323,62.0954
21,12,HIGH_VARIANCE,14,0.327212,0.777955,57.9395
21,13,HIGH_VARIANCE,15,0.131119,0.893471,85.3248
21,14,HIGH_VARIANCE,12,0.097681,1.062341,90.8051
21,15,HIGH_VARIANCE,13,0.328723,0.788492,58.3099
21,16,HIGH_VARIANCE,16,0.263416,0.912414,71.1298
21,17,HIGH_VARIANCE,15,0.039850,0.879945,95.4713
21,18,HIGH_VARIANCE,16,0.257602,0.962952,73.2487
21,19,HIGH_VARIANCE,17,0.259494,0.816411,68.2153
21,20,HIGH_VARIANCE,15,0.193203,0.787380,75.4626
22,1,BALANCED,8,0.136962,0.315403,56.5756
22,2,BALANCED,13,0.132705,0.248250,46.5437
22,3,BALANCED,17,0.092677,0.217685,57.4258
22,4,BALANCED,14,0.128127,0.238777,46.3402
22,5,BALANCED,15,0.070107,0.235907,70.2818
22,6,BALANCED,11,0.093406,0.223455,58.1990
22,7,BALANCED,14,0.074681,0.209479,64.3490
22,8,BALANCED,13,0.090822,0.191221,52.5043
22,9,BALANCED,15,0.012966,0.191571,93.2318
22,10,BALANCED,16,0.091955,0.227199,59.5268
22,11,BALANCED,8,0.051140,0.266117,80.7829
22,12,BALANCED,15,0.105601,0.218671,51.7078
22,13,BALANCED,16,0.099037,0.212970,53.4970
22,14,BALANCED,11,0.067972,0.209076,67.4893
22,15,BALANCED,18,0.057160,0.204903,72.1039
22,16,BALANCED,13,0.083843,0.206198,59.3385
22,17,BALANCED,15,0.071653,0.236531,69.7065
22,18,BALANCED,14,0.116398,0.240854,51.6729
22,19,BALANCED,13,0.123494,0.257431,52.0286
22,20,BALANCED,13,0.163766,0.264728,38.1380
23,1,MIXED,13,0.160138,0.492923,67.5125
23,2,MIXED,10,0.105877,0.484651,78.1540
23,3,MIXED,17,0.122513,0.409509,70.0828
23,4,MIXED,15,0.026693,0.459674,94.1931
23,5,MIXED,15,0.029150,0.438995,93.3599
23,6,MIXED,15,0.021513,0.464102,95.3646
23,7,MIXED,18,0.011256,0.420043,97.3203
23,8,MIXED,10,0.189992,0.460314,58.7255
23,9,MIXED,19,0.125399,0.389929,67.8405
23,10,MIXED,14,0.190126,0.476980,60.1395
23,11,MIXED,17,0.160930,0.427762,62.3787
23,12,MIXED,13,0.167903,0.472532,64.4673
23,13,MIXED,16,0.136889,0.431275,68.2594
23,14,MIXED,8,0.346999,0.728378,52.3601
23,15,MIXED,13,0.136481,0.360570,62.1484
23,16,MIXED,14,0.197594,0.465360,57.5396
23,17,MIXED,13,0.217842,0.527512,58.7038
23,18,MIXED,14,0.141499,0.394466,64.1291
23,19,MIXED,15,0.040319,0.463732,91.3056
23,20,MIXED,15,0.079390,0.450267,82.3682
24,1,HIGH_VARIANCE,16,0.312527,0.691431,54.8000
24,2,HIGH_VARIANCE,17,0.270071,0.594070,54.5388
24,3,HIGH_VARIANCE,15,0.019402,0.525318,96.3066
24,4,HIGH_VARIANCE,11,0.090991,0.496322,81.6669
24,5,HIGH_VARIANCE,17,0.249099,0.657979,62.1418
24,6,HIGH_VARIANCE,13,0.387063,0.723350,46.4902
24,7,HIGH_VARIANCE,14,0.145085,0.569932,74.5434
24,8,HIGH_VARIANCE,16,0.306344,0.576347,46.8473
24,9,HIGH_VARIANCE,14,0.294784,0.719293,59.0175
24,10,HIGH_VARIANCE,15,0.072959,0.576554,87.3456
24,11,HIGH_VARIANCE,10,0.268946,0.487994,44.8875
24,12,HIGH_VARIANCE,16,0.248179,0.689820,64.0227
24,13,HIGH_VARIANCE,16,0.210939,0.626922,66.3533
24,14,HIGH_VARIANCE,14,0.316289,0.696322,54.5772
24,15,HIGH_VARIANCE,12,0.038343,0.731610,94.7591
24,16,HIGH_VARIANCE,14,0.335214,0.636358,47.3231
24,17,HIGH_VARIANCE,15,0.097799,0.693551,85.8988
24,18,HIGH_VARIANCE,16,0.293977,0.641075,54.1432
24,19,HIGH_VARIANCE,15,0.124490,0.678490,81.6520
24,20,HIGH_VARIANCE,15,0.093490,0.694656,86.5415
25,1,BALANCED,14,0.127395,0.303891,58.0788
25,2,BALANCED,12,0.058021,0.360048,83.8851
25,3,BALANCED,12,0.028530,0.337712,91.5521
25,4,BALANCED,13,0.124997,0.342701,63.5259
25,5,BALANCED,14,0.096053,0.264032,63.6207
25,6,BALANCED,10,0.060269,0.282631,78.6758
25,7,BALANCED,13,0.106932,0.246705,56.6560
25,8,BALANCED,15,0.047443,0.301055,84.2410
25,9,BALANCED,14,0.138743,0.294086,52.8224
25,10,BALANCED,13,0.123315,0.257041,52.0253
25,11,BALANCED,15,0.025339,0.215344,88.2333
25,12,BALANCED,14,0.110762,0.275684,59.8229
25,13,BALANCED,13,0.133588,0.350651,61.9029
25,14,BALANCED,11,0.118574,0.390071,69.6021
25,15,BALANCED,14,0.088101,0.274057,67.8531
25,16,BALANCED,12,0.062682,0.364913,82.8228
25,17,BALANCED,12,0.070589,0.373467,81.0991
25,18,BALANCED,12,0.111049,0.256806,56.7579
25,19,BALANCED,15,0.016852,0.257427,93.4538
25,20,BALANCED,12,0.033816,0.190404,82.2399
26,1,MIXED,15,0.262522,0.498791,47.3683
26,2,MIXED,13,0.130600,0.772916,83.1029
26,3,MIXED,10,0.105119,0.858376,87.7537
26,4,MIXED,15,0.179727,0.631794,71.5529
26,5,MIXED,14,0.159274,0.563678,71.7439
26,6,MIXED,11,0.380753,0.612694,37.8559
26,7,MIXED,16,0.335815,0.569821,41.0666
26,8,MIXED,14,0.187582,0.597198,68.5896
26,9,MIXED,16,0.227680,0.653837,65.1778
26,10,MIXED,14,0.151608,0.571774,73.4846
26,11,MIXED,12,0.114337,0.641453,82.1753
26,12,MIXED,18,0.091642,0.604760,84.8466
26,13,MIXED,15,0.097602,0.633747,84.5993
26,14,MIXED,11,0.106953,0.751925,85.7761
26,15,MIXED,14,0.344033,0.626208,45.0609
26,16,MIXED,13,0.192910,0.651667,70.3975
26,17,MIXED,14,0.228236,0.727800,68.6403
26,18,MIXED,13,0.308428,0.602596,48.8168
26,19,MIXED,15,0.299768,0.573574,47.7367
26,20,MIXED,13,0.205561,0.670488,69.3417
27,1,HIGH_VARIANCE,14,0.284373,0.894842,68.2209
27,2,HIGH_VARIANCE,10,0.432378,0.968313,55.3473
27,3,HIGH_VARIANCE,15,0.087574,0.849855,89.6955
27,4,HIGH_VARIANCE,16,0.327432,0.811346,59.6434
27,5,HIGH_VARIANCE,15,0.098496,0.783979,87.4364
27,6,HIGH_VARIANCE,12,0.231770,0.951079,75.6309
27,7,HIGH_VARIANCE,13,0.370277,1.053254,64.8445
27,8,HIGH_VARIANCE,16,0.380317,0.812540,53.1941
27,9,HIGH_VARIANCE,14,0.360593,0.884728,59.2424
27,10,HIGH_VARIANCE,10,0.452861,1.036798,56.3212
27,11,HIGH_VARIANCE,15,0.054840,0.928877,94.0961
27,12,HIGH_VARIANCE,13,0.389417,0.898083,56.6391
27,13,HIGH_VARIANCE,12,0.128649,1.081162,88.1009
27,14,HIGH_VARIANCE,14,0.225975,0.695445,67.5064
27,15,HIGH_VARIANCE,15,0.221825,0.821071,72.9835
27,16,HIGH_VARIANCE,16,0.358246,0.898872,60.1449
27,17,HIGH_VARIANCE,15,0.184822,0.845519,78.1410
27,18,HIGH_VARIANCE,13,0.290023,0.647550,55.2123
27,19,HIGH_VARIANCE,16,0.304635,0.836042,63.5622
27,20,HIGH_VARIANCE,15,0.116882,0.806324,85.5043
28,1,BALANCED,12,0.060556,0.261449,76.8381
28,2,BALANCED,12,0.082940,0.232884,64.3858
28,3,BALANCED,15,0.053551,0.235581,77.2684
28,4,BALANCED,6,0.151546,0.309838,51.0886
28,5,BALANCED,11,0.159729,0.270423,40.9336
28,6,BALANCED,12,0.080980,0.255155,68.2625
28,7,BALANCED,14,0.112949,0.242183,53.3620
28,8,BALANCED,14,0.136637,0.235842,42.0643
28,9,BALANCED,11,0.165889,0.318407,47.9004
28,10,BALANCED,14,0.117778,0.243136,51.5587
28,11,BALANCED,12,0.060458,0.274519,77.9769
28,12,BALANCED,13,0.103396,0.228330,54.7163
28,13,BALANCED,14,0.106491,0.218786,51.3265
28,14,BALANCED,14,0.134448,0.224224,40.0383
28,15,BALANCED,14,0.133888,0.254037,47.2959
28,16,BALANCED,12,0.057127,0.275421,79.2584
28,17,BALANCED,15,0.053237,0.234232,77.2719
28,18,BALANCED,14,0.114140,0.248549,54.0775
28,19,BALANCED,13,0.123711,0.254033,51.3012
28,20,BALANCED,13,0.127706,0.266139,52.0152
29,1,MIXED,15,0.061068,0.585215,89.5648
29,2,MIXED,18,0.054047,0.530848,89.8187
29,3,MIXED,13,0.227474,0.569133,60.0315
29,4,MIXED,12,0.048060,0.628474,92.3529
29,5,MIXED,16,0.257791,0.567760,54.5951
29,6,MIXED,17,0.248082,0.576729,56.9847
29,7,MIXED,8,0.388096,1.057595,63.3039
29,8,MIXED,15,0.079427,0.622091,87.2323
29,9,MIXED,13,0.291165,0.631771,53.9128
29,10,MIXED,16,0.209258,0.509012,58.8894
29,11,MIXED,10,0.259077,0.575493,54.9817
29,12,MIXED,13,0.328563,0.735764,55.3440
29,13,MIXED,13,0.278520,0.591665,52.9260
29,14,MIXED,17,0.242276,0.547637,55.7598
29,15,MIXED,15,0.057459,0.546525,89.4865
29,16,MIXED,12,0.075826,0.697070,89.1222
29,17,MIXED,13,0.309239,0.751960,58.8755
29,18,MIXED,14,0.289546,0.611184,52.6254
29,19,MIXED,10,0.293565,0.840033,65.0532
29,20,MIXED,15,0.070826,0.686490,89.6829
30,1,HIGH_VARIANCE,12,0.023444,0.754033,96.8908
30,2,HIGH_VARIANCE,15,0.032904,0.740367,95.5557
30,3,HIGH_VARIANCE,17,0.232051,0.765393,69.6821
30,4,HIGH_VARIANCE,13,0.279984,0.845496,66.8852
30,5,HIGH_VARIANCE,14,0.248647,0.764237,67.4647
30,6,HIGH_VARIANCE,16,0.259290,0.700851,63.0036
30,7,HIGH_VARIANCE,17,0.256435,0.689154,62.7899
30,8,HIGH_VARIANCE,17,0.212224,0.725632,70.7532
30,9,HIGH_VARIANCE,14,0.324326,0.809199,59.9201
30,10,HIGH_VARIANCE,12,0.004241,0.813475,99.4786
30,11,HIGH_VARIANCE,18,0.044597,0.714661,93.7598
30,12,HIGH_VARIANCE,16,0.195466,0.731665,73.2847
30,13,HIGH_VARIANCE,16,0.169750,0.740560,77.0781
30,14,HIGH_VARIANCE,15,0.021656,0.750493,97.1145
30,15,HIGH_VARIANCE,12,0.079774,0.785400,89.8428
30,16,HIGH_VARIANCE,13,0.203790,0.577070,64.6855
30,17,HIGH_VARIANCE,15,0.047908,0.750593,93.6173
30,18,HIGH_VARIANCE,16,0.246316,0.751183,67.2096
30,19,HIGH_VARIANCE,15,0.039156,0.742029,94.7231
30,20,HIGH_VARIANCE,10,0.370755,1.096526,66.1882
31,1,BALANCED,12,0.037211,0.234974,84.1638
31,2,BALANCED,15,0.021425,0.211073,89.8493
31,3,BALANCED,15,0.006797,0.216134,96.8550
31,4,BALANCED,15,0.007729,0.187669,95.8813
31,5,BALANCED,14,0.075030,0.232851,67.7777
31,6,BALANCED,14,0.072931,0.198237,63.2103
31,7,BALANCED,15,0.012023,0.214688,94.3997
31,8,BALANCED,15,0.012605,0.175942,92.8355
31,9,BALANCED,11,0.074720,0.249029,69.9956
31,10,BALANCED,13,0.065458,0.201732,67.5522
31,11,BALANCED,13,0.059450,0.251442,76.3562
31,12,BALANCED,13,0.059416,0.194521,69.4552
31,13,BALANCED,12,0.023655,0.231217,89.7693
31,14,BALANCED,13,0.068179,0.222658,69.3795
31,15,BALANCED,15,0.000557,0.196969,99.7172
31,16,BALANCED,16,0.054674,0.218154,74.9379
31,17,BALANCED,11,0.107270,0.264545,59.4512
31,18,BALANCED,11,0.081529,0.268114,69.5917
31,19,BALANCED,16,0.063488,0.206074,69.1918
31,20,BALANCED,15,0.027069,0.218240,87.5968
32,1,MIXED,13,0.352154,0.838766,58.0152
32,2,MIXED,14,0.267099,0.799434,66.5890
32,3,MIXED,14,0.329613,0.817252,59.6681
32,4,MIXED,18,0.044512,0.647276,93.1232
32,5,MIXED,16,0.298622,0.717735,58.3939
32,6,MIXED,16,0.327045,0.794790,58.8514
32,7,MIXED,16,0.339309,0.733131,53.7178
32,8,MIXED,14,0.200556,0.691334,70.9900
32,9,MIXED,10,0.310327,1.083087,71.3479
32,10,MIXED,13,0.363938,0.885262,58.8892
32,11,MIXED,15,0.050505,0.780976,93.5331
32,12,MIXED,15,0.027704,0.775359,96.4269
32,13,MIXED,15,0.047324,0.683905,93.0804
32,14,MIXED,14,0.301891,0.773788,60.9853
32,15,MIXED,13,0.288075,0.846174,65.9555
32,16,MIXED,12,0.125716,0.954072,86.8233
32,17,MIXED,13,0.294432,0.778049,62.1577
32,18,MIXED,10,0.259423,0.811605,68.0358
32,19,MIXED,13,0.330218,0.761719,56.6483
32,20,MIXED,14,0.287741,0.759811,62.1300
33,1,HIGH_VARIANCE,14,0.168879,0.577016,70.7323
33,2,HIGH_VARIANCE,10,0.468368,1.071409,56.2849
33,3,HIGH_VARIANCE,16,0.323697,0.833448,61.1617
33,4,HIGH_VARIANCE,19,0.308769,0.755004,59.1037
33,5,HIGH_VARIANCE,16,0.357162,0.920369,61.1936
33,6,HIGH_VARIANCE,12,0.301229,1.100752,72.6342
33,7,HIGH_VARIANCE,15,0.220944,0.940877,76.5173
33,8,HIGH_VARIANCE,15,0.329992,0.851786,61.2588
33,9,HIGH_VARIANCE,14,0.505964,0.890601,43.1885
33,10,HIGH_VARIANCE,12,0.073736,0.674749,89.0721
33,11,HIGH_VARIANCE,14,0.483592,0.770911,37.2701
33,12,HIGH_VARIANCE,13,0.494404,0.973187,49.1974
33,13,HIGH_VARIANCE,12,0.350487,0.886211,60.4511
33,14,HIGH_VARIANCE,14,0.424490,1.001839,57.6289
33,15,HIGH_VARIANCE,14,0.520213,0.867272,40.0174
33,16,HIGH_VARIANCE,13,0.505606,0.980944,48.4572
33,17,HIGH_VARIANCE,14,0.496955,0.968098,48.6669
33,18,HIGH_VARIANCE,15,0.331692,0.873422,62.0239
33,19,HIGH_VARIANCE,15,0.318286,0.909660,65.0105
33,20,HIGH_VARIANCE,15,0.194407,1.003808,80.6331
34,1,BALANCED,19,0.105025,0.206369,49.1081
34,2,BALANCED,15,0.024232,0.192262,87.3962
34,3,BALANCED,16,0.135057,0.216759,37.6926
34,4,BALANCED,16,0.078649,0.200195,60.7140
34,5,BALANCED,15,0.084174,0.250054,66.3375
34,6,BALANCED,18,0.066998,0.210008,68.0976
34,7,BALANCED,16,0.124052,0.241195,48.5675
34,8,BALANCED,13,0.144978,0.290080,50.0213
34,9,BALANCED,17,0.127435,0.220714,42.2622
34,10,BALANCED,18,0.077860,0.208817,62.7138
34,11,BALANCED,13,0.153939,0.266585,42.2550
34,12,BALANCED,15,0.084666,0.236776,64.2422
34,13,BALANCED,14,0.153128,0.268396,42.9469
34,14,BALANCED,16,0.116642,0.233375,50.0194
34,15,BALANCED,13,0.072765,0.219837,66.9007
34,16,BALANCED,17,0.120407,0.219379,45.1149
34,17,BALANCED,19,0.101920,0.211982,51.9206
34,18,BALANCED,14,0.141583,0.270952,47.7460
34,19,BALANCED,13,0.094997,0.223597,57.5141
34,20,BALANCED,15,0.092588,0.256657,63.9254
35,1,MIXED,15,0.027895,0.374437,92.5501
35,2,MIXED,16,0.205894,0.472239,56.4006
35,3,MIXED,14,0.146615,0.361450,59.4370
35,4,MIXED,16,0.194834,0.436311,55.3451
35,5,MIXED,13,0.231007,0.531921,56.5711
35,6,MIXED,13,0.188998,0.470653,59.8435
35,7,MIXED,13,0.139112,0.385129,63.8791
35,8,MIXED,19,0.153772,0.379465,59.4768
35,9,MIXED,11,0.265588,0.592672,55.1880
35,10,MIXED,17,0.194477,0.436108,55.4062
35,11,MIXED,17,0.172739,0.355342,51.3879
35,12,MIXED,17,0.192423,0.438253,56.0931
35,13,MIXED,16,0.195088,0.453845,57.0145
35,14,MIXED,17,0.200307,0.396772,49.5159
35,15,MIXED,12,0.146206,0.537947,72.8215
35,16,MIXED,15,0.097470,0.497413,80.4046
35,17,MIXED,12,0.030446,0.508471,94.0123
35,18,MIXED,17,0.200953,0.437447,54.0623
35,19,MIXED,16,0.173491,0.449739,61.4240
35,20,MIXED,15,0.091487,0.485572,81.1589
36,1,HIGH_VARIANCE,13,0.411877,0.980954,58.0126
36,2,HIGH_VARIANCE,18,0.044217,0.823207,94.6286
36,3,HIGH_VARIANCE,16,0.331806,0.851020,61.0108
36,4,HIGH_VARIANCE,16,0.356663,0.867701,58.8957
36,5,HIGH_VARIANCE,12,0.041781,1.010809,95.8666
36,6,HIGH_VARIANCE,17,0.335651,0.834796,59.7924
36,7,HIGH_VARIANCE,12,0.077067,1.048231,92.6479
36,8,HIGH_VARIANCE,12,0.198875,0.878322,77.3574
36,9,HIGH_VARIANCE,12,0.137520,0.983790,86.0214
36,10,HIGH_VARIANCE,18,0.020455,0.820385,97.5067
36,11,HIGH_VARIANCE,16,0.361181,0.913717,60.4712
36,12,HIGH_VARIANCE,15,0.057970,0.950232,93.8994
36,13,HIGH_VARIANCE,15,0.058186,0.877478,93.3689
36,14,HIGH_VARIANCE,13,0.391713,1.030538,61.9895
36,15,HIGH_VARIANCE,13,0.332155,0.944675,64.8392
36,16,HIGH_VARIANCE,10,0.400265,1.109731,63.9313
36,17,HIGH_VARIANCE,17,0.362245,0.870996,58.4103
36,18,HIGH_VARIANCE,15,0.079210,0.973237,91.8612
36,19,HIGH_VARIANCE,15,0.066590,0.931287,92.8497
36,20,HIGH_VARIANCE,16,0.271672,0.801335,66.0976
37,1,BALANCED,14,0.085410,0.306756,72.1570
37,2,BALANCED,13,0.127372,0.287479,55.6933
37,3,BALANCED,15,0.031640,0.252686,87.4787
37,4,BALANCED,12,0.074632,0.291560,74.4025
37,5,BALANCED,18,0.039932,0.233025,82.8635
37,6,BALANCED,15,0.045508,0.273036,83.3328
37,7,BALANCED,13,0.085824,0.273202,68.5858
37,8,BALANCED,16,0.093630,0.267270,64.9680
37,9,BALANCED,15,0.023914,0.237689,89.9389
37,10,BALANCED,16,0.086518,0.242415,64.3099
37,11,BALANCED,13,0.100183,0.274759,63.5377
37,12,BALANCED,17,0.065137,0.237282,72.5487
37,13,BALANCED,14,0.095282,0.302173,68.4677
37,14,BALANCED,13,0.051305,0.326935,84.3073
37,15,BALANCED,15,0.026136,0.253448,89.6877
37,16,BALANCED,19,0.077626,0.238826,67.4970
37,17,BALANCED,14,0.073160,0.296165,75.2977
37,18,BALANCED,13,0.117907,0.311667,62.1689
37,19,BALANCED,14,0.051897,0.218105,76.2058
37,20,BALANCED,17,0.100926,0.270271,62.6574
38,1,MIXED,16,0.246956,0.572303,56.8487
38,2,MIXED,12,0.155170,0.645112,75.9468
38,3,MIXED,17,0.185809,0.493296,62.3332
38,4,MIXED,15,0.097291,0.628815,84.5279
38,5,MIXED,16,0.203481,0.571642,64.4041
38,6,MIXED,17,0.198782,0.525193,62.1507
38,7,MIXED,15,0.014637,0.629479,97.6748
38,8,MIXED,14,0.247401,0.650629,61.9751
38,9,MIXED,16,0.194125,0.568662,65.8628
38,10,MIXED,12,0.042516,0.541062,92.1422
38,11,MIXED,14,0.285905,0.638403,55.2156
38,12,MIXED,12,0.201659,0.702139,71.2793
38,13,MIXED,13,0.279919,0.620343,54.8767
38,14,MIXED,18,0.104634,0.484395,78.3990
38,15,MIXED,13,0.251112,0.698795,64.0650
38,16,MIXED,15,0.062654,0.593233,89.4386
38,17,MIXED,15,0.158242,0.568694,72.1744
38,18,MIXED,14,0.234720,0.593249,60.4349
38,19,MIXED,14,0.244415,0.624529,60.8641
38,20,MIXED,14,0.183188,0.461341,60.2923
39,1,HIGH_VARIANCE,12,0.072802,1.284065,94.3303
39,2,HIGH_VARIANCE,17,0.315601,0.993575,68.2358
39,3,HIGH_VARIANCE,16,0.347791,0.927681,62.5096
39,4,HIGH_VARIANCE,12,0.120157,1.235234,90.2725
39,5,HIGH_VARIANCE,14,0.362899,1.005354,63.9034
39,6,HIGH_VARIANCE,13,0.341723,1.160533,70.5546
39,7,HIGH_VARIANCE,14,0.218768,0.781754,72.0158
39,8,HIGH_VARIANCE,14,0.331200,1.072429,69.1169
39,9,HIGH_VARIANCE,13,0.420517,1.179675,64.3531
39,10,HIGH_VARIANCE,11,0.296726,1.146894,74.1279
39,11,HIGH_VARIANCE,12,0.114369,1.239976,90.7765
39,12,HIGH_VARIANCE,12,0.201640,1.033267,80.4852
39,13,HIGH_VARIANCE,13,0.387178,0.977570,60.3938
39,14,HIGH_VARIANCE,11,0.466845,1.139895,59.0449
39,15,HIGH_VARIANCE,14,0.394026,1.014533,61.1619
39,16,HIGH_VARIANCE,13,0.313235,1.120012,72.0329
39,17,HIGH_VARIANCE,14,0.478388,1.090945,56.1492
39,18,HIGH_VARIANCE,15,0.066415,0.901224,92.6306
39,19,HIGH_VARIANCE,14,0.439731,1.008192,56.3842
39,20,HIGH_VARIANCE,16,0.356058,0.910510,60.8947
40,1,BALANCED,13,0.150458,0.261104,42.3762
40,2,BALANCED,16,0.114160,0.271855,58.0070
40,3,BALANCED,16,0.088052,0.226121,61.0598
40,4,BALANCED,15,0.062327,0.231140,73.0351
40,5,BALANCED,14,0.124299,0.277185,55.1567
40,6,BALANCED,17,0.089583,0.250246,64.2020
40,7,BALANCED,13,0.098796,0.313687,68.5051
40,8,BALANCED,14,0.095162,0.323993,70.6284
40,9,BALANCED,15,0.024183,0.284377,91.4962
40,10,BALANCED,15,0.027212,0.259235,89.5030
40,11,BALANCED,17,0.108390,0.223374,51.4759
40,12,BALANCED,12,0.012372,0.228441,94.5842
40,13,BALANCED,16,0.077834,0.244181,68.1243
40,14,BALANCED,12,0.085782,0.299379,71.3468
40,15,BALANCED,16,0.106422,0.276395,61.4962
40,16,BALANCED,16,0.108083,0.258296,58.1554
40,17,BALANCED,15,0.005699,0.249408,97.7151
40,18,BALANCED,16,0.056260,0.200440,71.9316
40,19,BALANCED,16,0.116030,0.264586,56.1466
40,20,BALANCED,17,0.076153,0.245580,68.9907
41,1,MIXED,14,0.262426,0.861642,69.5436
41,2,MIXED,17,0.140852,0.735451,80.8482
41,3,MIXED,13,0.228494,0.844988,72.9589
41,4,MIXED,18,0.061135,0.753478,91.8863
41,5,MIXED,13,0.102046,0.786122,87.0191
41,6,MIXED,13,0.270927,0.803648,66.2878
41,7,MIXED,11,0.103087,0.870920,88.1634
41,8,MIXED,18,0.041413,0.769625,94.6191
41,9,MIXED,16,0.200067,0.792231,74.7463
41,10,MIXED,15,0.127566,0.843780,84.8816
41,11,MIXED,17,0.229027,0.743710,69.2048
41,12,MIXED,13,0.349445,0.950804,63.2474
41,13,MIXED,14,0.259321,0.839142,69.0968
41,14,MIXED,16,0.273777,0.874363,68.6884
41,15,MIXED,13,0.273847,0.949457,71.1575
41,16,MIXED,16,0.251953,0.824192,69.4303
41,17,MIXED,15,0.114100,0.839574,86.4098
41,18,MIXED,15,0.047272,0.762559,93.8009
41,19,MIXED,13,0.295332,0.946990,68.8136
41,20,MIXED,14,0.279670,0.956289,70.7547
42,1,HIGH_VARIANCE,16,0.397758,1.081841,63.2332
42,2,HIGH_VARIANCE,12,0.165992,1.253833,86.7612
42,3,HIGH_VARIANCE,16,0.390936,1.048496,62.7146
42,4,HIGH_VARIANCE,15,0.022664,0.869389,97.3931
42,5,HIGH_VARIANCE,13,0.478265,1.134355,57.8382
42,6,HIGH_VARIANCE,16,0.385121,0.923846,58.3132
42,7,HIGH_VARIANCE,16,0.399605,0.983371,59.3637
42,8,HIGH_VARIANCE,15,0.131680,1.030978,87.2276
42,9,HIGH_VARIANCE,15,0.109430,1.037818,89.4557
42,10,HIGH_VARIANCE,16,0.366001,1.010031,63.7633
42,11,HIGH_VARIANCE,17,0.377686,1.001179,62.2758
42,12,HIGH_VARIANCE,8,0.856473,1.758419,51.2930
42,13,HIGH_VARIANCE,15,0.082213,1.129833,92.7234
42,14,HIGH_VARIANCE,16,0.437203,0.926420,52.8073
42,15,HIGH_VARIANCE,13,0.422726,1.242878,65.9882
42,16,HIGH_VARIANCE,13,0.442347,1.125034,60.6814
42,17,HIGH_VARIANCE,18,0.097225,0.956301,89.8332
42,18,HIGH_VARIANCE,14,0.452563,1.150423,60.6612
42,19,HIGH_VARIANCE,16,0.369904,0.972922,61.9801
42,20,HIGH_VARIANCE,10,0.426076,1.354016,68.5324
43,1,BALANCED,14,0.082710,0.232195,64.3792
43,2,BALANCED,13,0.104582,0.240148,56.4512
43,3,BALANCED,11,0.075248,0.250039,69.9056
43,4,BALANCED,14,0.133052,0.289049,53.9692
43,5,BALANCED,15,0.035824,0.267834,86.6247
43,6,BALANCED,14,0.066323,0.219602,69.7986
43,7,BALANCED,15,0.013421,0.247074,94.5682
43,8,BALANCED,14,0.081049,0.232822,65.1884
43,9,BALANCED,15,0.008585,0.235837,96.3599
43,10,BALANCED,13,0.086334,0.275073,68.6142
43,11,BALANCED,15,0.032331,0.196327,83.5319
43,12,BALANCED,17,0.072698,0.242458,70.0161
43,13,BALANCED,15,0.044015,0.225876,80.5138
43,14,BALANCED,18,0.032568,0.246942,86.8114
43,15,BALANCED,17,0.064579,0.208504,69.0276
43,16,BALANCED,18,0.036963,0.238590,84.5077
43,17,BALANCED,15,0.025480,0.264117,90.3529
43,18,BALANCED,16,0.083088,0.225874,63.2149
43,19,BALANCED,16,0.067071,0.207960,67.7479
43,20,BALANCED,13,0.084545,0.265239,68.1251
44,1,MIXED,15,0.046138,0.634946,92.7335
44,2,MIXED,14,0.158087,0.586298,73.0364
44,3,MIXED,13,0.340113,0.712769,52.2829
44,4,MIXED,13,0.265905,0.712343,62.6718
44,5,MIXED,16,0.172069,0.527825,67.4003
44,6,MIXED,13,0.304444,0.802328,62.0549
44,7,MIXED,15,0.030240,0.639977,95.2749
44,8,MIXED,17,0.193240,0.630660,69.3591
44,9,MIXED,15,0.090525,0.696999,87.0121
44,10,MIXED,15,0.060373,0.685690,91.1953
44,11,MIXED,15,0.106850,0.661047,83.8363
44,12,MIXED,16,0.176177,0.517067,65.9276
44,13,MIXED,14,0.183634,0.701550,73.8245
44,14,MIXED,14,0.197263,0.748235,73.6362
44,15,MIXED,18,0.060770,0.541767,88.7830
44,16,MIXED,18,0.022176,0.598167,96.2927
44,17,MIXED,16,0.235651,0.648353,63.6539
44,18,MIXED,14,0.139958,0.682384,79.4898
44,19,MIXED,13,0.231451,0.520348,55.5199
44,20,MIXED,12,0.056960,0.831893,93.1529
45,1,HIGH_VARIANCE,14,0.329487,0.849519,61.2149
45,2,HIGH_VARIANCE,15,0.020390,0.610566,96.6604
45,3,HIGH_VARIANCE,14,0.329273,0.861319,61.7711
45,4,HIGH_VARIANCE,12,0.189912,0.877645,78.3612
45,5,HIGH_VARIANCE,14,0.411104,0.837663,50.9225
45,6,HIGH_VARIANCE,13,0.383077,0.895720,57.2325
45,7,HIGH_VARIANCE,12,0.111902,0.616657,81.8534
45,8,HIGH_VARIANCE,15,0.035235,0.736271,95.2144
45,9,HIGH_VARIANCE,17,0.275132,0.727352,62.1735
45,10,HIGH_VARIANCE,15,0.188302,0.797639,76.3926
45,11,HIGH_VARIANCE,14,0.318792,0.846424,62.3366
45,12,HIGH_VARIANCE,18,0.161957,0.688391,76.4731
45,13,HIGH_VARIANCE,15,0.135991,0.805773,83.1229
45,14,HIGH_VARIANCE,16,0.323832,0.784690,58.7312
45,15,HIGH_VARIANCE,18,0.127219,0.698982,81.7994
45,16,HIGH_VARIANCE,15,0.168068,0.772592,78.2462
45,17,HIGH_VARIANCE,15,0.025511,0.680090,96.2488
45,18,HIGH_VARIANCE,15,0.188778,0.669712,71.8121
45,19,HIGH_VARIANCE,15,0.115750,0.724062,84.0138
45,20,HIGH_VARIANCE,11,0.062586,0.745823,91.6084
46,1,BALANCED,14,0.112418,0.275510,59.1965
46,2,BALANCED,15,0.025678,0.226734,88.6748
46,3,BALANCED,14,0.081986,0.277806,70.4881
46,4,BALANCED,18,0.029331,0.302449,90.3023
46,5,BALANCED,15,0.062481,0.267219,76.6182
46,6,BALANCED,14,0.082090,0.291017,71.7920
46,7,BALANCED,15,0.031883,0.287513,88.9106
46,8,BALANCED,16,0.119194,0.317470,62.4551
46,9,BALANCED,17,0.108614,0.296795,63.4044
46,10,BALANCED,17,0.121574,0.317423,61.6998
46,11,BALANCED,17,0.111174,0.304342,63.4708
46,12,BALANCED,13,0.035701,0.386987,90.7747
46,13,BALANCED,16,0.080769,0.328355,75.4018
46,14,BALANCED,15,0.038765,0.269529,85.6175
46,15,BALANCED,10,0.213691,0.480568,55.5337
46,16,BALANCED,17,0.127082,0.296408,57.1261
46,17,BALANCED,16,0.091126,0.258011,64.6812
46,18,BALANCED,16,0.116121,0.309480,62.4787
46,19,BALANCED,13,0.098562,0.373784,73.6312
46,20,BALANCED,15,0.056567,0.234442,75.8716
47,1,MIXED,16,0.292321,0.754042,61.2328
47,2,MIXED,14,0.231049,0.840627,72.5147
47,3,MIXED,13,0.331606,0.893193,62.8741
47,4,MIXED,18,0.020083,0.670308,97.0040
47,5,MIXED,16,0.303708,0.768576,60.4843
47,6,MIXED,17,0.230769,0.629900,63.3642
47,7,MIXED,16,0.238289,0.732124,67.4523
47,8,MIXED,16,0.256485,0.769631,66.6743
47,9,MIXED,11,0.277662,0.892112,68.8759
47,10,MIXED,15,0.155608,0.742427,79.0407
47,11,MIXED,15,0.075894,0.699935,89.1570
47,12,MIXED,15,0.139077,0.783536,82.2501
47,13,MIXED,15,0.080066,0.586098,86.3391
47,14,MIXED,11,0.384761,0.838598,54.1185
47,15,MIXED,16,0.266643,0.709040,62.3939
47,16,MIXED,15,0.150410,0.622253,75.8281
47,17,MIXED,14,0.271148,0.782064,65.3292
47,18,MIXED,16,0.286824,0.804934,64.3667
47,19,MIXED,14,0.337237,0.615281,45.1897
47,20,MIXED,15,0.095542,0.705193,86.4517
48,1,HIGH_VARIANCE,15,0.105854,0.729307,85.4857
48,2,HIGH_VARIANCE,16,0.307383,0.767347,59.9421
48,3,HIGH_VARIANCE,18,0.016767,0.672582,97.5070
48,4,HIGH_VARIANCE,15,0.117437,0.727957,83.8675
48,5,HIGH_VARIANCE,12,0.132765,0.841562,84.2240
48,6,HIGH_VARIANCE,12,0.098527,0.957871,89.7140
48,7,HIGH_VARIANCE,14,0.235327,0.669356,64.8428
48,8,HIGH_VARIANCE,12,0.215093,0.934809,76.9907
48,9,HIGH_VARIANCE,13,0.165004,0.749234,77.9770
48,10,HIGH_VARIANCE,18,0.087647,0.625241,85.9820
48,11,HIGH_VARIANCE,11,0.320630,0.841050,61.8774
48,12,HIGH_VARIANCE,13,0.269451,0.762350,64.6552
48,13,HIGH_VARIANCE,15,0.152115,0.757633,79.9223
48,14,HIGH_VARIANCE,14,0.393246,0.826855,52.4408
48,15,HIGH_VARIANCE,12,0.115583,0.908051,87.2713
48,16,HIGH_VARIANCE,15,0.142588,0.685320,79.1939
48,17,HIGH_VARIANCE,14,0.268772,0.883368,69.5742
48,18,HIGH_VARIANCE,14,0.241358,0.748801,67.7675
48,19,HIGH_VARIANCE,16,0.283049,0.771514,63.3126
48,20,HIGH_VARIANCE,17,0.271843,0.696469,60.9684
49,1,BALANCED,16,0.085569,0.206681,58.5982
49,2,BALANCED,17,0.076277,0.232849,67.2418
49,3,BALANCED,15,0.029058,0.215106,86.4914
49,4,BALANCED,15,0.013069,0.240177,94.5586
49,5,BALANCED,16,0.081750,0.227305,64.0353
49,6,BALANCED,17,0.083624,0.219908,61.9732
49,7,BALANCED,14,0.076848,0.211444,63.6558
49,8,BALANCED,16,0.090484,0.227494,60.2257
49,9,BALANCED,18,0.021099,0.203012,89.6068
49,10,BALANCED,16,0.083613,0.235737,64.5313
49,11,BALANCED,14,0.113066,0.255070,55.6728
49,12,BALANCED,16,0.083360,0.245962,66.1088
49,13,BALANCED,16,0.082248,0.215305,61.7991
49,14,BALANCED,10,0.115639,0.329277,64.8809
49,15,BALANCED,15,0.024174,0.224799,89.2464
49,16,BALANCED,16,0.077310,0.224398,65.5480
49,17,BALANCED,15,0.015718,0.230614,93.1844
49,18,BALANCED,14,0.104352,0.241296,56.7536
49,19,BALANCED,14,0.090030,0.271512,66.8412
49,20,BALANCED,14,0.087565,0.230760,62.0539
50,1,MIXED,15,0.015578,0.682999,97.7191
50,2,MIXED,12,0.028829,0.836646,96.5542
50,3,MIXED,16,0.223737,0.653177,65.7463
50,4,MIXED,14,0.181316,0.728753,75.1197
50,5,MIXED,13,0.252310,0.763399,66.9492
50,6,MIXED,15,0.110869,0.552626,79.9379
50,7,MIXED,13,0.195551,0.762026,74.3380
50,8,MIXED,15,0.102021,0.642011,84.1092
50,9,MIXED,14,0.326545,0.709875,53.9997
50,10,MIXED,16,0.221146,0.533102,58.5172
50,11,MIXED,14,0.335538,0.637468,47.3640
50,12,MIXED,16,0.253498,0.668488,62.0789
50,13,MIXED,16,0.259633,0.622480,58.2905
50,14,MIXED,13,0.306425,0.730309,58.0417
50,15,MIXED,15,0.088340,0.571617,84.5456
50,16,MIXED,12,0.177515,0.676883,73.7746
50,17,MIXED,12,0.162540,0.630998,74.2407
50,18,MIXED,13,0.197914,0.533103,62.8751
50,19,MIXED,17,0.267009,0.574868,53.5530
50,20,MIXED,13,0.217745,0.780426,72.0992
51,1,HIGH_VARIANCE,16,0.330495,0.823114,59.8482
51,2,HIGH_VARIANCE,18,0.026824,0.854941,96.8625
51,3,HIGH_VARIANCE,15,0.042407,1.005274,95.7816
51,4,HIGH_VARIANCE,16,0.252282,0.952632,73.5173
51,5,HIGH_VARIANCE,14,0.298204,0.992675,69.9596
51,6,HIGH_VARIANCE,13,0.333241,0.975598,65.8424
51,7,HIGH_VARIANCE,15,0.050543,1.018567,95.0378
51,8,HIGH_VARIANCE,17,0.357277,0.913738,60.8994
51,9,HIGH_VARIANCE,11,0.523028,1.101443,52.5143
51,10,HIGH_VARIANCE,14,0.341056,1.060499,67.8400
51,11,HIGH_VARIANCE,13,0.492821,1.056540,53.3552
51,12,HIGH_VARIANCE,15,0.104436,0.957498,89.0928
51,13,HIGH_VARIANCE,14,0.405131,0.931768,56.5202
51,14,HIGH_VARIANCE,15,0.099084,0.878612,88.7227
51,15,HIGH_VARIANCE,15,0.049315,0.918013,94.6281
51,16,HIGH_VARIANCE,14,0.263948,0.969059,72.7625
51,17,HIGH_VARIANCE,12,0.185253,1.085849,82.9394
51,18,HIGH_VARIANCE,13,0.408525,1.054474,61.2579
51,19,HIGH_VARIANCE,15,0.033718,1.026544,96.7154
51,20,HIGH_VARIANCE,14,0.401037,0.956940,58.0917
52,1,BALANCED,18,0.031001,0.239427,87.0520
52,2,BALANCED,17,0.073697,0.261414,71.8082
52,3,BALANCED,13,0.035233,0.295567,88.0794
52,4,BALANCED,16,0.070250,0.263627,73.3524
52,5,BALANCED,17,0.066686,0.236393,71.7903
52,6,BALANCED,12,0.024518,0.338861,92.7645
52,7,BALANCED,15,0.020373,0.288519,92.9388
52,8,BALANCED,17,0.070278,0.253479,72.2745
52,9,BALANCED,15,0.071907,0.262794,72.6374
52,10,BALANCED,17,0.086091,0.261804,67.1163
52,11,BALANCED,17,0.067882,0.243838,72.1611
52,12,BALANCED,12,0.046589,0.352002,86.7646
52,13,BALANCED,14,0.055234,0.302266,81.7267
52,14,BALANCED,16,0.058857,0.252922,76.7293
52,15,BALANCED,16,0.056906,0.262603,78.3301
52,16,BALANCED,14,0.074067,0.211974,65.0585
52,17,BALANCED,17,0.059961,0.248836,75.9034
52,18,BALANCED,15,0.013565,0.232696,94.1706
52,19,BALANCED,16,0.075788,0.221942,65.8523
52,20,BALANCED,15,0.039047,0.289417,86.5085
53,1,MIXED,12,0.013839,0.653823,97.8833
53,2,MIXED,16,0.191334,0.642502,70.2204
53,3,MIXED,12,0.098489,0.795564,87.6202
53,4,MIXED,13,0.325097,0.709908,54.2058
53,5,MIXED,13,0.240163,0.857665,71.9980
53,6,MIXED,15,0.043200,0.743094,94.1864
53,7,MIXED,14,0.275174,0.711147,61.3056
53,8,MIXED,11,0.255656,0.570950,55.2226
53,9,MIXED,16,0.223708,0.656630,65.9309
53,10,MIXED,14,0.263279,0.736387,64.2472
53,11,MIXED,17,0.210691,0.609126,65.4108
53,12,MIXED,16,0.230548,0.545554,57.7406
53,13,MIXED,17,0.153173,0.574933,73.3581
53,14,MIXED,13,0.333078,0.700129,52.4262
53,15,MIXED,15,0.027104,0.705684,96.1592
53,16,MIXED,14,0.212640,0.828667,74.3394
53,17,MIXED,15,0.104124,0.695013,85.0184
53,18,MIXED,14,0.228976,0.495217,53.7624
53,19,MIXED,13,0.246356,0.785052,68.6192
53,20,MIXED,15,0.095822,0.634303,84.8934
54,1,HIGH_VARIANCE,14,0.365277,0.977435,62.6290
54,2,HIGH_VARIANCE,16,0.314123,0.856762,63.3361
54,3,HIGH_VARIANCE,15,0.169769,0.913430,81.4141
54,4,HIGH_VARIANCE,15,0.117792,0.781549,84.9283
54,5,HIGH_VARIANCE,15,0.070069,0.814413,91.3963
54,6,HIGH_VARIANCE,11,0.347283,1.007673,65.5361
54,7,HIGH_VARIANCE,17,0.247571,0.835473,70.3676
54,8,HIGH_VARIANCE,18,0.018914,0.801926,97.6414
54,9,HIGH_VARIANCE,18,0.043497,0.783489,94.4483
54,10,HIGH_VARIANCE,16,0.299865,0.856246,64.9791
54,11,HIGH_VARIANCE,14,0.276765,0.830113,66.6593
54,12,HIGH_VARIANCE,14,0.338279,0.931334,63.6780
54,13,HIGH_VARIANCE,14,0.282626,0.794173,64.4125
54,14,HIGH_VARIANCE,14,0.273321,0.896747,69.5209
54,15,HIGH_VARIANCE,14,0.385233,0.913334,57.8213
54,16,HIGH_VARIANCE,15,0.080647,0.788608,89.7734
54,17,HIGH_VARIANCE,13,0.429184,1.060259,59.5209
54,18,HIGH_VARIANCE,15,0.045366,0.851269,94.6708
54,19,HIGH_VARIANCE,15,0.084999,0.854934,90.0578
54,20,HIGH_VARIANCE,14,0.316582,0.854504,62.9514
55,1,BALANCED,15,0.009211,0.303681,96.9669
55,2,BALANCED,15,0.030050,0.331013,90.9219
55,3,BALANCED,17,0.102753,0.303925,66.1912
55,4,BALANCED,17,0.119634,0.289045,58.6106
55,5,BALANCED,16,0.101241,0.285190,64.5004
55,6,BALANCED,14,0.139807,0.329347,57.5502
55,7,BALANCED,18,0.024177,0.287188,91.5816
55,8,BALANCED,12,0.072266,0.401367,81.9951
55,9,BALANCED,13,0.119690,0.285642,58.0979
55,10,BALANCED,18,0.014422,0.284138,94.9242
55,11,BALANCED,16,0.115779,0.307886,62.3955
55,12,BALANCED,11,0.144507,0.384916,62.4575
55,13,BALANCED,12,0.030402,0.396447,92.3314
55,14,BALANCED,17,0.103080,0.276173,62.6755
55,15,BALANCED,15,0.007924,0.279880,97.1687
55,16,BALANCED,13,0.119671,0.340243,64.8278
55,17,BALANCED,12,0.011741,0.315052,96.2732
55,18,BALANCED,15,0.028311,0.325656,91.3065
55,19,BALANCED,16,0.101324,0.324400,68.7658
55,20,BALANCED,14,0.140052,0.346302,59.5579
56,1,MIXED,13,0.191928,0.558414,65.6299
56,2,MIXED,15,0.097926,0.466870,79.0249
56,3,MIXED,13,0.169551,0.476843,64.4430
56,4,MIXED,12,0.013040,0.568580,97.7066
56,5,MIXED,16,0.138892,0.474231,70.7122
56,6,MIXED,15,0.031102,0.450053,93.0893
56,7,MIXED,16,0.150631,0.463519,67.5028
56,8,MIXED,10,0.246846,0.543861,54.6122
56,9,MIXED,15,0.015058,0.373595,95.9694
56,10,MIXED,13,0.196518,0.545359,63.9654
56,11,MIXED,16,0.131930,0.423029,68.8131
56,12,MIXED,16,0.128915,0.385269,66.5390
56,13,MIXED,19,0.137830,0.415756,66.8482
56,14,MIXED,17,0.136855,0.426528,67.9143
56,15,MIXED,14,0.134389,0.480048,72.0051
56,16,MIXED,15,0.028509,0.440608,93.5296
56,17,MIXED,15,0.009618,0.482955,98.0085
56,18,MIXED,16,0.152658,0.444881,65.6858
56,19,MIXED,12,0.085978,0.480987,82.1247
56,20,MIXED,15,0.004397,0.450576,99.0241
57,1,HIGH_VARIANCE,19,0.241928,0.798355,69.6967
57,2,HIGH_VARIANCE,15,0.117910,0.880672,86.6113
57,3,HIGH_VARIANCE,14,0.280191,1.015214,72.4008
57,4,HIGH_VARIANCE,15,0.012085,0.885078,98.6345
57,5,HIGH_VARIANCE,14,0.397408,0.879545,54.8167
57,6,HIGH_VARIANCE,15,0.058438,0.955176,93.8819
57,7,HIGH_VARIANCE,13,0.392640,1.004134,60.8977
57,8,HIGH_VARIANCE,13,0.373217,0.871834,57.1917
57,9,HIGH_VARIANCE,13,0.217834,0.931333,76.6105
57,10,HIGH_VARIANCE,11,0.328673,0.850486,61.3547
57,11,HIGH_VARIANCE,13,0.352143,0.777088,54.6842
57,12,HIGH_VARIANCE,14,0.410063,0.829854,50.5861
57,13,HIGH_VARIANCE,15,0.147423,0.876862,83.1874
57,14,HIGH_VARIANCE,17,0.293975,0.711669,58.6922
57,15,HIGH_VARIANCE,16,0.320297,0.730102,56.1298
57,16,HIGH_VARIANCE,15,0.014800,0.869215,98.2973
57,17,HIGH_VARIANCE,11,0.427067,1.131656,62.2617
57,18,HIGH_VARIANCE,11,0.467135,1.109908,57.9122
57,19,HIGH_VARIANCE,16,0.322477,0.749265,56.9609
57,20,HIGH_VARIANCE,8,0.715659,1.427734,49.8745
58,1,BALANCED,17,0.069806,0.173096,59.6721
58,2,BALANCED,17,0.071494,0.167033,57.1974
58,3,BALANCED,13,0.076650,0.226099,66.0988
58,4,BALANCED,14,0.102793,0.190705,46.0984
58,5,BALANCED,14,0.094030,0.178028,47.1823
58,6,BALANCED,13,0.087888,0.195834,55.1212
58,7,BALANCED,11,0.131788,0.259207,49.1573
58,8,BALANCED,15,0.034420,0.203767,83.1080
58,9,BALANCED,11,0.117184,0.214199,45.2920
58,10,BALANCED,12,0.029326,0.254223,88.4646
58,11,BALANCED,17,0.071971,0.163730,56.0425
58,12,BALANCED,11,0.083379,0.175056,52.3704
58,13,BALANCED,17,0.086400,0.163062,47.0138
58,14,BALANCED,14,0.103544,0.211700,51.0890
58,15,BALANCED,12,0.069053,0.209577,67.0510
58,16,BALANCED,15,0.055193,0.188499,70.7199
58,17,BALANCED,15,0.031696,0.190988,83.4039
58,18,BALANCED,15,0.035516,0.182842,80.5755
58,19,BALANCED,10,0.138364,0.243972,43.2870
58,20,BALANCED,11,0.071452,0.185322,61.4445
59,1,MIXED,13,0.155230,0.690378,77.5152
59,2,MIXED,16,0.140997,0.561820,74.9035
59,3,MIXED,15,0.067681,0.578900,88.3087
59,4,MIXED,16,0.128029,0.538358,76.2187
59,5,MIXED,12,0.076169,0.749213,89.8335
59,6,MIXED,15,0.257970,0.610128,57.7187
59,7,MIXED,14,0.312479,0.621087,49.6883
59,8,MIXED,15,0.046380,0.611610,92.4167
59,9,MIXED,15,0.059590,0.580384,89.7327
59,10,MIXED,18,0.043666,0.507196,91.3908
59,11,MIXED,18,0.188157,0.491872,61.7468
59,12,MIXED,19,0.138767,0.517967,73.2094
59,13,MIXED,12,0.319564,0.549818,41.8782
59,14,MIXED,15,0.080620,0.635142,87.3068
59,15,MIXED,15,0.213957,0.573898,62.7186
59,16,MIXED,13,0.296612,0.658204,54.9362
59,17,MIXED,12,0.245605,0.632279,61.1556
59,18,MIXED,16,0.274189,0.530952,48.3590
59,19,MIXED,13,0.346458,0.579703,40.2353
59,20,MIXED,17,0.133622,0.568538,76.4972
60,1,HIGH_VARIANCE,16,0.403989,0.926259,56.3849
60,2,HIGH_VARIANCE,17,0.322168,0.861912,62.6217
60,3,HIGH_VARIANCE,16,0.384954,0.916387,57.9921
60,4,HIGH_VARIANCE,11,0.534878,1.253072,57.3146
60,5,HIGH_VARIANCE,10,0.392792,1.087354,63.8764
60,6,HIGH_VARIANCE,14,0.469711,1.056333,55.5338
60,7,HIGH_VARIANCE,16,0.216151,0.764397,71.7226
60,8,HIGH_VARIANCE,16,0.407410,0.963103,57.6982
60,9,HIGH_VARIANCE,15,0.144342,0.959723,84.9600
60,10,HIGH_VARIANCE,14,0.335934,0.932274,63.9662
60,11,HIGH_VARIANCE,13,0.518470,1.069279,51.5122
60,12,HIGH_VARIANCE,17,0.390243,0.876181,55.4609
60,13,HIGH_VARIANCE,17,0.275508,0.870609,68.3546
60,14,HIGH_VARIANCE,17,0.381360,0.981716,61.1537
60,15,HIGH_VARIANCE,16,0.331496,0.930825,64.3869
60,16,HIGH_VARIANCE,17,0.388220,0.903423,57.0279
60,17,HIGH_VARIANCE,16,0.416912,0.948251,56.0335
60,18,HIGH_VARIANCE,14,0.459121,1.077441,57.3878
60,19,HIGH_VARIANCE,16,0.300652,0.933455,67.7915
60,20,HIGH_VARIANCE,15,0.182832,0.997811,81.6766
