Peers,Peer noise stddev,Peer MAE,App MAE (5 rounds),App MAE (10 rounds),App MAE (20 rounds),App MAE (50 rounds),App lower MAE in round scenarios
1,0.4,0.3196198,0.4494894,0.3953366,0.374182,0.3562524,0/4
1,0.8,0.6140194,0.4494894,0.3953366,0.374182,0.3562524,4/4
1,1.2,0.8626552,0.4494894,0.3953366,0.374182,0.3562524,4/4
3,0.4,0.1809952,0.4494894,0.3953366,0.374182,0.3562524,0/4
3,0.8,0.3486232,0.4494894,0.3953366,0.374182,0.3562524,0/4
3,1.2,0.4891194,0.4494894,0.3953366,0.374182,0.3562524,4/4
5,0.4,0.1427652,0.4494894,0.3953366,0.374182,0.3562524,0/4
5,0.8,0.275498,0.4494894,0.3953366,0.374182,0.3562524,0/4
5,1.2,0.3882774,0.4494894,0.3953366,0.374182,0.3562524,2/4
